Name,Price,Model Year,Mileage,Registered ,Engine Type,Transmission,Assembly,Body Type,Color,Engine Capacity,Anti lock Braking System,Air Bags,Air conditioning,Alloy Rims,Climate Control,Coolbox,Cruise Control,Heated Seats,KeyLess Entry,Navigation System,Power Steering,Rear seat Entertainment,Steering Switches,Sun Roof
Hyundai Excel  ,450000,2000,150000,1,Petrol,0,0,Sedan,White,1300,,0,0,0,0,0,0,0,0,0,0,0,0,0
Hyundai Excel  ,425000,1995,200000,1,Petrol,0,1,Sedan,Silver,1500,,0,0,0,0,0,0,0,0,0,0,0,0,0
Hyundai Excel  ,411000,1993,196000,1,Petrol,0,1,Sedan,White,1300,,0,0,0,0,0,0,0,0,0,0,0,0,0
Hyundai Excel  ,400000,1993,120000,1,Petrol,0,1,Sedan,Gold,1300,0,0,0,1,0,0,0,0,0,0,1,0,0,0
Hyundai Excel  ,400000,1993,200000,1,Petrol,0,1,Sedan,Silver,1500,,0,0,0,0,0,0,0,0,0,0,0,0,0
Hyundai Excel  ,360000,1993,210000,1,Petrol,0,0,Sedan,Red,1300,,0,0,0,0,0,0,0,0,0,0,0,0,0
Hyundai Excel  ,350000,1996,120000,1,,0,0,Sedan,Green,1300,0,0,1,1,0,0,0,0,0,0,1,0,0,0
Hyundai Excel  ,350000,1993,300000,1,Petrol,0,0,Sedan,White,1300,,0,0,0,0,0,0,0,0,0,0,0,0,0
Hyundai Excel  ,325000,1993,248090,1,,0,1,Sedan,White,1300,0,0,1,0,0,0,0,0,0,0,1,0,0,0
Hyundai Excel  ,315000,1993,189000,1,Petrol,0,0,Sedan,Maroon,1300,,0,0,0,0,0,0,0,0,0,0,0,0,0
Hyundai Excel  ,300000,1993,111111,1,Petrol,0,0,Sedan,Silver,1300,0,0,1,1,0,0,0,0,0,0,0,0,0,0
Hyundai Excel  ,290000,1993,215000,1,Petrol,0,0,Sedan,Assembly,1300,0,0,0,1,0,0,0,0,0,0,0,0,0,0
Hyundai Excel  ,290000,1994,100000,1,Petrol,0,0,Sedan,Black,1500,0,0,0,1,0,0,0,0,0,0,0,0,0,0
Hyundai Excel  ,275000,1993,150000,1,,0,1,Sedan,Silver,1300,0,0,0,1,0,0,0,0,0,0,0,0,0,0
Hyundai Excel  ,260000,1993,150000,1,Petrol,0,0,Sedan,Blue,1300,0,0,1,0,0,0,0,0,0,0,1,0,0,0
Hyundai Excel  ,250000,1993,120000,1,Petrol,0,0,Sedan,Yellow,1300,0,0,1,1,0,0,0,0,0,0,0,0,0,0
Hyundai Excel  ,240000,1993,200000,1,Petrol,0,0,Sedan,White,1600,0,0,1,1,0,0,0,0,0,0,0,0,0,0
Hyundai Excel  ,195000,1993,100000,1,Petrol,0,0,Sedan,Maroon,1300,0,0,0,0,0,0,0,0,0,0,0,0,0,0
Hyundai Excel  ,180000,1993,195000,1,Petrol,0,0,Sedan,White,1300,,0,0,0,0,0,0,0,0,0,0,0,0,0
Hyundai Excel  ,160000,1993,165200,1,Diesel,0,0,Sedan,White,1300,0,0,0,1,0,0,0,0,0,0,0,0,0,0
Hyundai Excel Basegrade  ,420000,1995,101000,1,Petrol,0,1,Sedan,Gold,1300,0,0,1,1,0,0,0,0,0,0,0,0,0,0
Hyundai Excel Basegrade  ,365000,1993,200000,1,Petrol,0,0,Sedan,White,1300,0,0,1,1,0,0,0,0,0,0,0,0,0,0
Hyundai Excel Basegrade  ,350000,1993,250000,1,,0,1,Sedan,White,1300,0,0,1,0,0,1,0,0,0,0,1,0,0,0
Hyundai Excel Basegrade  ,300000,1993,150000,1,Petrol,1,1,Sedan,White,1500,0,0,0,1,0,1,0,0,0,0,0,0,0,0
Hyundai Excel Basegrade  ,260000,1993,215000,1,Petrol,0,1,Sedan,White,1500,0,0,0,0,0,0,0,0,0,0,1,0,0,0
Hyundai Excel Basegrade  ,245000,1993,100000,1,Petrol,0,1,Sedan,Silver,1500,0,0,0,0,0,0,0,0,0,0,0,0,0,0
Hyundai Excel Basegrade  ,220000,1993,123550,1,Petrol,0,0,Sedan,Black,1500,0,0,1,0,0,0,0,0,0,0,1,0,0,0
Hyundai Excel Basegrade  ,220000,1993,120000,1,,0,1,Sedan,Silver,1300,0,0,0,0,0,0,0,0,0,0,0,0,0,0
Hyundai Excel Basegrade  ,200000,1993,165000,1,Petrol,0,0,Sedan,Silver,1500,0,0,1,0,0,0,0,0,0,0,0,0,0,0
Hyundai Excel Basegrade  ,195000,1995,100000,1,,0,0,Sedan,Silver,1500,0,0,0,0,0,0,0,0,0,0,1,0,0,0
Hyundai Excel Basegrade  ,185000,1993,143000,1,Petrol,0,0,Sedan,White,1500,0,0,0,0,0,0,0,0,0,0,1,0,0,0
Hyundai Excel Basegrade  ,160000,1993,200000,1,,0,0,Sedan,Yellow,1300,0,0,1,0,0,0,0,0,0,0,1,0,0,0
Hyundai Santro  ,780000,2008,80000,1,Petrol,0,0,Hatchback,Grey,1000,0,0,1,0,0,0,0,0,0,0,0,0,0,1
Hyundai Santro  ,770000,2008,189000,1,Petrol,0,0,Hatchback,Grey,1000,,0,0,0,0,0,0,0,0,0,0,0,0,0
Hyundai Santro  ,750000,2008,60000,1,Petrol,0,0,Hatchback,Turquoise,1000,,0,0,0,0,0,0,0,0,0,0,0,0,0
Hyundai Santro  ,725000,2008,150000,1,Petrol,0,1,Hatchback,Grey,1000,,0,0,0,0,0,0,0,0,0,0,0,0,0
Hyundai Santro  ,685000,2006,205655,1,Petrol,1,0,Hatchback,Black,1000,,0,0,0,0,0,0,0,0,0,0,0,0,0
Hyundai Santro  ,660000,2006,102000,1,Petrol,0,0,Hatchback,Black,1000,1,0,1,0,0,0,0,0,0,0,1,0,0,0
Hyundai Santro  ,650000,2005,107000,1,Petrol,0,0,Hatchback,Blue,1000,,0,0,0,0,0,0,0,0,0,0,0,0,0
Hyundai Santro  ,650000,2006,240000,1,Petrol,0,0,Hatchback,Black,1000,,0,0,0,0,0,0,0,0,0,0,0,0,0
Hyundai Santro  ,650000,2004,121210,1,Petrol,0,0,Hatchback,Grey,1000,,0,0,0,0,0,0,0,0,0,0,0,0,0
Hyundai Santro  ,650000,2006,120000,1,Petrol,0,1,Hatchback,White,1000,,0,0,0,0,0,0,0,0,0,0,0,0,0
Hyundai Santro  ,640000,2005,170000,1,Petrol,0,1,Hatchback,Grey,1000,0,0,0,1,0,0,0,0,0,0,1,0,0,0
Hyundai Santro  ,625000,2004,163000,1,Petrol,1,0,Hatchback,Black,1000,,0,0,0,0,0,0,0,0,0,0,0,0,0
Hyundai Santro  ,590000,2002,165802,1,Petrol,0,0,Hatchback,Silver,1000,1,0,1,1,0,0,0,0,1,0,1,0,0,0
Hyundai Santro  ,590000,2004,180000,1,Petrol,0,1,Hatchback,Assembly,1000,,0,0,0,0,0,0,0,0,0,0,0,0,0
Hyundai Santro  ,580000,2003,180000,1,Petrol,0,0,Hatchback,Red,1000,,0,0,0,0,0,0,0,0,0,0,0,0,0
Hyundai Santro  ,575000,2004,175765,1,Petrol,0,0,Hatchback,Silver,1000,0,0,1,0,0,0,0,0,0,0,0,0,0,0
Hyundai Santro  ,570000,2004,68000,1,Petrol,0,0,Hatchback,Silver,1000,0,0,1,0,0,0,0,0,0,0,0,0,0,0
Hyundai Santro  ,560000,2003,120000,1,Petrol,0,0,Hatchback,Green,1000,,0,0,0,0,0,0,0,0,0,0,0,0,0
Hyundai Santro  ,550000,2005,165820,1,Petrol,0,0,Hatchback,Black,1000,0,0,1,1,0,0,0,0,0,0,0,0,0,0
Hyundai Santro  ,550000,2002,190000,1,Petrol,0,0,Hatchback,Silver,1000,0,0,1,1,0,1,0,0,1,0,0,0,0,0
Hyundai Santro  ,550000,2004,100000,1,Petrol,0,0,Hatchback,Silver,1000,0,0,1,1,0,0,0,0,0,0,0,0,0,0
Hyundai Santro  ,535000,2004,105640,1,Petrol,0,0,Hatchback,Gold,1000,0,0,1,0,0,0,0,0,0,0,0,0,0,0
Hyundai Santro  ,525000,2002,150000,1,Petrol,0,1,Hatchback,Grey,1000,0,0,1,1,0,0,0,0,0,0,1,0,0,0
Hyundai Santro  ,520000,2002,217000,1,Petrol,0,0,Hatchback,Black,1000,,0,0,0,0,0,0,0,0,0,0,0,0,0
Hyundai Santro  ,500000,2004,65000,1,Petrol,0,1,Hatchback,White,880,0,0,1,1,0,0,0,0,1,0,0,0,0,0
Hyundai Santro  ,480000,2000,130000,1,Petrol,0,1,Hatchback,Red,1000,0,0,1,0,0,0,0,0,0,0,0,0,0,0
Hyundai Santro  ,475000,2000,125000,1,Petrol,0,1,Hatchback,Red,660,,0,0,0,0,0,0,0,0,0,0,0,0,0
Hyundai Santro  ,470000,2002,175000,1,Petrol,0,1,Hatchback,White,1000,0,0,0,1,0,0,0,0,0,0,0,0,0,0
Hyundai Santro  ,470000,2001,125000,1,Petrol,0,1,Hatchback,Green,1000,0,0,1,0,0,0,0,0,0,0,1,0,0,0
Hyundai Santro  ,470000,2001,148680,1,Petrol,0,0,Hatchback,Silver,1000,,0,0,0,0,0,0,0,0,0,0,0,0,0
Hyundai Santro  ,465000,2002,150000,1,Petrol,0,1,Hatchback,Maroon,1000,0,0,1,0,0,0,0,0,0,0,0,0,0,0
Hyundai Santro  ,450000,2000,148059,1,Petrol,0,0,Hatchback,White,1000,0,0,1,1,0,0,0,0,0,0,0,0,0,0
Hyundai Santro  ,435000,2000,98500,1,Petrol,1,0,Hatchback,White,1000,,0,0,0,0,0,0,0,0,0,0,0,0,0
Hyundai Santro  ,425000,2000,190000,1,,0,1,Hatchback,Blue,1000,0,0,1,1,0,0,0,0,0,0,0,0,0,0
Hyundai Santro  ,415000,2001,76000,1,Petrol,0,0,Hatchback,Silver,1000,0,0,0,0,0,0,0,0,0,0,0,0,0,0
Hyundai Santro  ,410000,2002,120000,1,Petrol,0,1,Hatchback,White,1000,0,0,1,1,0,0,0,0,0,0,1,0,0,0
Hyundai Santro  ,400000,2000,150000,1,Petrol,0,1,Hatchback,White,1000,,0,0,0,0,0,0,0,0,0,0,0,0,0
Hyundai Santro  ,390000,2000,150000,1,Petrol,0,1,Hatchback,White,1000,,0,0,0,0,0,0,0,0,0,0,0,0,0
Hyundai Santro  ,360000,2001,15000,1,,0,0,Hatchback,White,1000,0,0,1,1,0,0,0,0,0,0,0,0,0,0
Hyundai Santro  ,350000,2000,150000,1,,0,0,Hatchback,Red,1000,0,0,0,1,0,0,0,0,0,0,0,0,0,0
Hyundai Santro Club  ,1100000,2014,134000,1,Petrol,0,0,Hatchback,Silver,1000,0,0,1,0,0,0,0,0,0,0,0,0,0,0
Hyundai Santro Club  ,950000,2014,82000,1,Petrol,0,0,Hatchback,Silver,1000,0,0,1,0,0,0,0,0,0,0,0,0,0,0
Hyundai Santro Club  ,930000,2009,80000,1,Petrol,0,0,Hatchback,Maroon,1000,0,0,1,0,0,0,0,0,0,0,0,0,0,0
Hyundai Santro Club  ,900000,2008,97000,1,Petrol,0,0,Hatchback,Red,1000,0,0,1,0,0,0,0,0,0,0,0,0,0,0
Hyundai Santro Club  ,900000,2009,77000,1,Petrol,0,0,Hatchback,Blue,1000,0,0,1,0,0,0,0,0,0,0,0,0,0,0
Hyundai Santro Club  ,825000,2007,100000,1,Petrol,0,0,Hatchback,Black,1000,0,0,1,0,0,0,0,0,0,0,0,0,0,0
Hyundai Santro Club  ,825000,2008,80000,1,Petrol,0,0,Hatchback,Black,1000,0,0,1,0,0,0,0,0,0,0,0,0,0,0
Hyundai Santro Club  ,790000,2009,175000,1,Petrol,0,0,Hatchback,Blue,1000,0,0,1,0,0,0,0,0,0,0,0,0,0,0
Hyundai Santro Club  ,775000,2009,99000,1,Petrol,0,0,Hatchback,Indigo,1000,0,0,1,0,0,0,0,0,0,0,1,0,0,0
Hyundai Santro Club  ,775000,2007,206782,1,Petrol,0,0,Hatchback,White,1000,0,0,1,0,0,0,0,0,0,0,0,0,0,0
Hyundai Santro Club  ,770000,2007,149000,1,Petrol,0,0,Hatchback,Grey,1000,0,0,1,1,0,0,0,0,0,0,0,0,0,0
Hyundai Santro Club  ,750000,2007,115000,1,Petrol,0,0,Hatchback,Black,1000,0,0,1,1,0,0,0,0,0,0,1,0,0,0
Hyundai Santro Club  ,750000,2008,140000,1,Petrol,0,0,Hatchback,Black,1000,0,0,1,1,0,0,0,0,0,0,1,0,0,0
Hyundai Santro Club  ,740000,2007,150000,1,Petrol,0,0,Hatchback,Grey,1000,0,0,1,0,0,0,0,0,0,0,0,0,0,0
Hyundai Santro Club  ,730000,2005,120000,1,Petrol,0,0,Hatchback,White,1000,0,0,1,1,0,0,0,0,1,0,0,0,0,0
Hyundai Santro Club  ,725000,2005,164751,1,Petrol,1,0,Hatchback,Silver,1000,0,0,1,1,0,0,0,0,0,0,1,0,0,0
Hyundai Santro Club  ,725000,2006,100000,1,Petrol,0,0,Hatchback,Black,1000,0,0,1,1,0,0,0,0,0,0,0,0,0,0
Hyundai Santro Club  ,725000,2008,148000,1,Petrol,0,1,Hatchback,Silver,1000,0,0,1,1,0,1,0,0,0,0,1,0,1,1
Hyundai Santro Club  ,720000,2008,150000,1,Petrol,0,0,Hatchback,Silver,1000,0,0,1,1,0,0,0,0,0,0,0,0,0,0
Hyundai Santro Club  ,710000,2007,165000,1,Petrol,0,0,Hatchback,Silver,1000,0,0,1,1,0,0,0,0,0,0,0,0,0,0
Hyundai Santro Club  ,700000,2006,247000,1,Petrol,0,0,Hatchback,Silver,1000,0,0,1,0,0,0,0,0,0,0,0,0,0,0
Hyundai Santro Club  ,700000,2004,149000,1,Petrol,0,0,Hatchback,White,1000,0,0,1,0,0,0,0,0,0,0,1,0,0,0
Hyundai Santro Club  ,700000,2003,100000,1,Petrol,0,0,Hatchback,Silver,1000,0,0,1,0,0,0,0,0,0,0,0,0,0,0
Hyundai Santro Club  ,700000,2007,55000,1,Petrol,0,0,Hatchback,Silver,1000,0,0,1,1,0,0,0,0,0,0,0,0,0,0
Hyundai Santro Club  ,700000,2006,121800,1,Petrol,0,0,Hatchback,Grey,1000,0,0,1,0,0,0,0,0,0,0,0,0,0,0
Hyundai Santro Club  ,695000,2004,88200,1,Petrol,0,0,Hatchback,White,1000,0,0,1,0,0,0,0,0,0,0,0,0,0,0
Hyundai Santro Club  ,690000,2007,100000,1,Petrol,0,0,Hatchback,White,1000,0,0,1,0,0,0,0,0,0,0,0,0,0,0
Hyundai Santro Club  ,690000,2007,178000,1,Petrol,0,0,Hatchback,White,1000,0,0,1,0,0,0,0,0,0,0,0,0,0,0
Hyundai Santro Club  ,690000,2007,120000,1,Petrol,0,0,Hatchback,White,1000,0,0,1,0,0,0,0,0,0,0,0,0,0,0
Hyundai Santro Club  ,690000,2007,120000,1,Petrol,0,0,Hatchback,White,1000,0,0,1,0,0,0,0,0,0,0,0,0,0,0
Hyundai Santro Club  ,690000,2006,160000,1,Petrol,0,0,Hatchback,Grey,1000,0,0,1,0,0,0,0,0,0,0,0,0,0,0
Hyundai Santro Club  ,690000,2007,174000,1,Petrol,0,0,Hatchback,Black,1000,0,0,1,0,0,0,0,0,0,0,0,0,0,0
Hyundai Santro Club  ,685000,2007,168535,1,Petrol,0,0,Hatchback,Black,1000,0,0,1,0,0,0,0,0,0,0,0,0,0,0
Hyundai Santro Club  ,680000,2006,90000,1,Petrol,1,0,Hatchback,Black,1000,0,0,1,0,0,0,0,0,0,0,0,0,0,0
Hyundai Santro Club  ,680000,2006,86000,1,Petrol,0,0,Hatchback,Silver,1000,0,0,1,0,0,0,0,0,0,0,0,0,0,0
Hyundai Santro Club  ,680000,2004,280000,1,Petrol,0,0,Hatchback,Red,1000,0,0,1,0,0,0,0,0,0,0,0,0,0,0
Hyundai Santro Club  ,680000,2007,55000,1,Petrol,0,0,Hatchback,Silver,1000,0,0,1,1,0,0,0,0,0,0,1,0,0,0
Hyundai Santro Club  ,675000,2006,76503,1,Petrol,0,0,Hatchback,Turquoise,1000,0,0,1,0,0,0,0,0,0,0,0,0,0,0
Hyundai Santro Club  ,675000,2006,180000,1,Petrol,0,0,Hatchback,Blue,1000,0,0,1,0,0,0,0,0,0,0,0,0,0,0
Hyundai Santro Club  ,675000,2003,145000,1,Petrol,0,0,Hatchback,White,1000,0,0,1,0,0,0,0,0,0,0,0,0,0,0
Hyundai Santro Club  ,675000,2004,164000,1,Petrol,1,0,Hatchback,Silver,1000,0,0,1,0,0,0,0,0,0,0,0,0,0,0
Hyundai Santro Club  ,675000,2008,100000,1,Petrol,0,0,Hatchback,Maroon,1000,0,0,1,1,0,0,0,0,0,0,0,0,0,0
Hyundai Santro Club  ,670000,2006,130000,1,Petrol,0,0,Hatchback,Silver,1000,0,0,1,0,0,0,0,0,0,0,0,0,0,0
Hyundai Santro Club  ,670000,2007,160000,1,Petrol,0,0,Hatchback,White,1000,0,0,1,0,0,0,0,0,0,0,0,0,0,0
Hyundai Santro Club  ,670000,2008,168430,1,Petrol,0,0,Hatchback,Silver,1000,0,0,1,1,0,0,0,0,0,0,0,0,0,0
Hyundai Santro Club  ,670000,2004,150000,1,Petrol,0,0,Hatchback,Silver,1000,0,0,1,0,0,0,0,0,1,1,0,0,0,0
Hyundai Santro Club  ,670000,2003,168000,1,Petrol,0,0,Hatchback,Silver,1000,1,0,1,1,0,0,0,0,0,0,0,0,0,0
Hyundai Santro Club  ,660000,2006,92000,1,Petrol,0,0,Hatchback,Silver,1000,0,0,1,0,0,0,0,0,1,0,0,0,0,0
Hyundai Santro Club  ,660000,2005,100000,1,Petrol,0,0,Hatchback,Black,1000,0,0,1,0,0,0,0,0,0,0,0,0,0,0
Hyundai Santro Club  ,660000,2005,85000,1,Petrol,0,0,Hatchback,Silver,1000,0,0,1,0,0,0,0,0,0,0,0,0,0,0
Hyundai Santro Club  ,650000,2004,100000,1,Petrol,0,1,Hatchback,Grey,1000,0,0,1,0,0,0,0,0,0,0,0,0,0,0
Hyundai Santro Club  ,650000,2005,123500,1,Petrol,0,0,Hatchback,Black,1000,0,0,1,0,0,0,0,0,0,0,0,0,0,0
Hyundai Santro Club  ,650000,2005,85000,1,Petrol,0,0,Hatchback,Blue,1000,0,0,1,0,0,0,0,0,0,0,0,0,0,0
Hyundai Santro Club  ,650000,2005,150000,1,Petrol,0,0,Hatchback,White,1000,0,0,1,0,0,0,0,0,0,0,0,0,0,0
Hyundai Santro Club  ,650000,2006,100000,1,Petrol,0,0,Hatchback,White,1000,0,0,1,1,0,0,0,0,0,0,0,0,0,0
Hyundai Santro Club  ,650000,2007,124312,1,Petrol,0,0,Hatchback,Grey,1000,1,0,1,1,0,0,0,0,1,0,0,0,1,0
Hyundai Santro Club  ,650000,2005,150000,1,Petrol,0,0,Hatchback,Grey,1000,0,0,1,1,0,0,0,0,0,0,1,0,0,0
Hyundai Santro Club  ,650000,2005,65700,1,Petrol,0,0,Hatchback,White,1000,0,0,1,0,0,0,0,0,0,0,0,0,0,0
Hyundai Santro Club  ,650000,2003,150000,1,Petrol,0,0,Hatchback,White,1000,0,0,1,1,0,0,0,0,0,0,0,0,0,0
Hyundai Santro Club  ,650000,2006,126000,1,Petrol,0,0,Hatchback,Black,1000,0,0,1,0,0,0,0,0,0,0,0,0,0,0
Hyundai Santro Club  ,650000,2005,65000,1,Petrol,0,1,Hatchback,Black,1000,0,0,1,0,0,0,0,0,0,0,0,0,0,0
Hyundai Santro Club  ,650000,2005,78500,1,Petrol,0,0,Hatchback,Grey,1000,0,0,1,0,0,0,0,0,0,0,0,0,0,0
Hyundai Santro Club  ,650000,2006,60000,1,Petrol,0,0,Hatchback,Black,1000,0,0,1,0,0,0,0,0,0,0,0,0,0,0
Hyundai Santro Club  ,650000,2006,242908,1,Petrol,0,0,Hatchback,Grey,1000,0,0,1,0,0,0,0,0,0,0,0,0,0,0
Hyundai Santro Club  ,650000,2004,100000,1,Petrol,0,0,Hatchback,Grey,1000,0,0,1,0,0,0,0,0,0,0,0,0,0,0
Hyundai Santro Club  ,650000,2004,100000,1,Petrol,0,0,Hatchback,Red,1000,0,0,1,0,0,0,0,0,0,0,0,0,0,0
Hyundai Santro Club  ,650000,2006,180000,1,Petrol,0,0,Hatchback,Black,1000,0,0,1,0,0,0,0,0,0,0,0,0,0,0
Hyundai Santro Club  ,650000,2005,165800,1,Petrol,0,0,Hatchback,Black,1000,0,0,1,0,0,0,0,0,0,0,0,0,0,0
Hyundai Santro Club  ,640000,2006,100000,1,Petrol,0,0,Hatchback,Silver,1000,0,0,1,0,0,0,0,0,0,0,0,0,0,0
Hyundai Santro Club  ,640000,2006,293000,1,Petrol,0,0,Hatchback,Silver,1000,0,0,1,0,0,0,0,0,0,0,0,0,0,0
Hyundai Santro Club  ,640000,2007,121000,1,Petrol,0,0,Hatchback,Black,1000,0,0,1,0,0,0,0,0,0,0,0,0,0,0
Hyundai Santro Club  ,635000,2006,122123,1,Petrol,0,1,Hatchback,Silver,1000,0,0,1,1,0,0,0,0,0,0,0,0,0,0
Hyundai Santro Club  ,630000,2004,100000,1,Petrol,0,0,Hatchback,Black,1000,0,0,1,0,0,0,0,0,0,0,0,0,0,0
Hyundai Santro Club  ,625000,2006,120000,1,Petrol,0,0,Hatchback,White,1000,0,0,1,0,0,0,0,0,0,0,0,0,0,0
Hyundai Santro Club  ,625000,2006,186000,1,Petrol,0,0,Hatchback,Black,1000,0,0,1,0,0,0,0,0,0,0,0,0,0,0
Hyundai Santro Club  ,625000,2005,150000,1,,0,0,Hatchback,Grey,1000,0,0,1,0,0,0,0,0,0,0,0,0,0,0
Hyundai Santro Club  ,625000,2004,170000,1,Petrol,0,0,Hatchback,Silver,1000,0,0,1,0,0,0,0,0,0,0,0,0,0,0
Hyundai Santro Club  ,620000,2006,116000,1,Petrol,0,0,Hatchback,Grey,1000,0,0,1,0,0,0,0,0,0,0,0,0,0,0
Hyundai Santro Club  ,615000,2005,250000,1,Petrol,0,0,Hatchback,Silver,1000,0,0,1,0,0,0,0,0,0,0,0,0,0,0
Hyundai Santro Club  ,615000,2005,200000,1,Petrol,0,0,Hatchback,Grey,1000,0,0,1,0,0,0,0,0,0,0,0,0,0,0
Hyundai Santro Club  ,615000,2005,112000,1,Petrol,0,0,Hatchback,White,1000,0,0,1,0,0,0,0,0,0,0,0,0,0,0
Hyundai Santro Club  ,615000,2005,135000,1,Petrol,0,0,Hatchback,Silver,1000,0,0,1,0,0,0,0,0,0,0,0,0,0,0
Hyundai Santro Club  ,615000,2003,100000,1,Petrol,0,0,Hatchback,Silver,1000,0,0,1,0,0,0,0,0,0,0,0,0,0,0
Hyundai Santro Club  ,610000,2003,175000,1,Petrol,0,1,Hatchback,Gold,1000,0,0,1,0,0,0,0,0,1,0,0,0,0,0
Hyundai Santro Club  ,610000,2004,150000,1,Petrol,0,0,Hatchback,Silver,1000,0,0,1,0,0,0,0,0,0,0,0,0,0,0
Hyundai Santro Club  ,600000,2004,117605,1,Petrol,0,0,Hatchback,Silver,1000,0,0,1,0,0,0,0,0,0,0,0,0,0,0
Hyundai Santro Club  ,600000,2006,167000,1,,0,0,Hatchback,Grey,1000,0,0,1,0,0,0,0,0,0,0,0,0,0,0
Hyundai Santro Club  ,600000,2006,150000,1,Petrol,0,0,Hatchback,Turquoise,1000,0,0,1,0,0,0,0,0,0,0,0,0,0,0
Hyundai Santro Club  ,600000,2005,190000,1,Petrol,0,0,Hatchback,Silver,1000,0,0,1,1,0,0,0,0,1,0,0,0,0,0
Hyundai Santro Club  ,600000,2003,100000,1,Petrol,0,0,Hatchback,Blue,1000,0,0,1,0,0,0,0,0,0,0,0,0,0,0
Hyundai Santro Club  ,600000,2004,142000,1,Petrol,0,0,Hatchback,Silver,1000,0,0,1,1,0,0,0,0,0,0,1,0,0,0
Hyundai Santro Club  ,600000,2003,100000,1,Petrol,0,0,Hatchback,Silver,1000,0,0,1,0,0,0,0,0,0,0,0,0,0,0
Hyundai Santro Club  ,600000,2004,101400,1,Petrol,0,0,Hatchback,Grey,1000,0,0,1,1,0,0,0,0,0,0,0,0,0,0
Hyundai Santro Club  ,600000,2005,65000,1,Petrol,0,0,Hatchback,Black,1000,0,0,1,0,0,0,0,0,0,0,0,0,0,0
Hyundai Santro Club  ,600000,2006,120000,1,Petrol,0,0,Hatchback,Grey,1000,0,0,1,0,0,0,0,0,0,0,0,0,0,0
Hyundai Santro Club  ,600000,2003,100000,1,Petrol,0,0,Hatchback,Grey,1000,0,0,1,0,0,0,0,0,0,0,0,0,0,0
Hyundai Santro Club  ,600000,2003,122000,1,Petrol,0,0,Hatchback,Grey,1000,0,0,1,1,0,0,0,0,0,0,1,0,0,0
Hyundai Santro Club  ,595000,2004,255000,1,Petrol,0,0,Hatchback,Silver,1000,0,0,1,0,0,0,0,0,0,0,0,0,0,0
Hyundai Santro Club  ,595000,2003,100000,1,Petrol,0,0,Hatchback,White,1000,0,0,1,0,0,0,0,0,0,0,0,0,0,0
Hyundai Santro Club  ,595000,2003,86000,1,Petrol,0,0,Hatchback,Silver,1000,0,0,1,1,0,0,0,0,0,0,1,0,0,0
Hyundai Santro Club  ,595000,2004,175000,1,Petrol,0,0,Hatchback,Grey,1000,0,0,1,0,0,0,0,0,0,0,0,0,0,0
Hyundai Santro Club  ,590000,2004,180000,1,Petrol,0,0,Hatchback,Gold,1000,0,0,1,0,0,0,0,0,0,0,0,0,0,0
Hyundai Santro Club  ,590000,2003,165000,1,Petrol,0,0,Hatchback,Black,1000,0,0,1,0,0,0,0,0,0,0,0,0,0,0
Hyundai Santro Club  ,590000,2003,123456,1,Petrol,0,0,Hatchback,White,1000,0,0,1,0,0,0,0,0,0,0,0,0,0,0
Hyundai Santro Club  ,590000,2006,100000,1,Petrol,0,0,Hatchback,Black,1000,0,0,0,0,0,0,0,0,0,0,0,0,0,0
Hyundai Santro Club  ,590000,2003,270000,1,Petrol,0,0,Hatchback,Grey,1000,0,0,1,0,0,0,0,0,0,0,0,0,0,0
Hyundai Santro Club  ,590000,2004,100000,1,Petrol,0,0,Hatchback,Assembly,1000,0,0,1,1,0,0,0,0,0,0,1,0,0,0
Hyundai Santro Club  ,590000,2006,71000,1,Petrol,0,0,Hatchback,Silver,1000,0,0,1,1,0,0,0,0,0,0,0,0,0,0
Hyundai Santro Club  ,580000,2005,168980,1,Petrol,0,0,Hatchback,Silver,1000,0,0,1,0,0,0,0,0,0,0,0,0,0,0
Hyundai Santro Club  ,580000,2004,68000,1,Petrol,1,0,Hatchback,Grey,1000,,0,0,0,0,0,0,0,0,0,0,0,0,0
Hyundai Santro Club  ,580000,2005,90000,1,Petrol,0,0,Hatchback,White,1000,0,0,1,1,0,0,0,0,0,0,0,0,0,0
Hyundai Santro Club  ,580000,2003,124384,1,Petrol,0,0,Hatchback,White,1000,0,0,1,0,0,0,0,0,0,0,0,0,0,0
Hyundai Santro Club  ,575000,2006,150000,1,Petrol,0,0,Hatchback,Silver,1000,0,0,1,1,0,0,0,0,1,0,0,0,0,0
Hyundai Santro Club  ,575000,2005,145000,1,Petrol,0,0,Hatchback,Blue,1000,0,0,0,0,0,0,0,0,0,0,1,0,0,0
Hyundai Santro Club  ,575000,2003,125000,1,Petrol,0,0,Hatchback,Black,1000,0,0,1,0,0,0,0,0,0,0,0,0,0,0
Hyundai Santro Club  ,575000,2004,150000,1,Petrol,0,0,Hatchback,Assembly,1000,0,0,1,0,0,0,0,0,0,0,0,0,0,0
Hyundai Santro Club  ,575000,2005,151825,1,Petrol,0,0,Hatchback,White,1000,0,0,1,0,0,0,0,0,0,0,0,0,0,0
Hyundai Santro Club  ,575000,2003,180236,1,Petrol,0,0,Hatchback,Grey,1000,0,0,1,0,0,0,0,0,0,0,0,0,0,0
Hyundai Santro Club  ,575000,2003,213000,1,Petrol,0,0,Hatchback,Gold,1000,0,0,1,0,0,0,0,0,0,0,0,0,0,0
Hyundai Santro Club  ,575000,2005,100000,1,Petrol,0,0,Hatchback,Silver,1000,0,0,1,0,0,0,0,0,0,0,0,0,0,0
Hyundai Santro Club  ,570000,2004,64000,1,Petrol,0,0,Hatchback,Silver,1000,0,0,1,0,0,0,0,0,0,0,0,0,0,0
Hyundai Santro Club  ,570000,2004,100000,1,Petrol,0,0,Hatchback,White,1000,0,0,1,0,0,0,0,0,0,0,0,0,0,0
Hyundai Santro Club  ,565000,2003,121000,1,Petrol,0,0,Hatchback,Silver,1000,0,0,1,0,0,0,0,0,0,0,0,0,0,0
Hyundai Santro Club  ,560000,2004,78650,1,Petrol,0,0,Hatchback,Black,1000,0,0,1,0,0,0,0,0,0,0,0,0,0,0
Hyundai Santro Club  ,560000,2004,160000,1,Petrol,0,0,Hatchback,Black,1000,0,0,1,0,0,0,0,0,0,0,0,0,0,0
Hyundai Santro Club  ,560000,2004,65000,1,Petrol,0,0,Hatchback,Silver,1000,0,0,1,0,0,0,0,0,0,0,0,0,0,0
Hyundai Santro Club  ,560000,2004,116000,1,Petrol,0,0,Hatchback,Grey,1000,0,0,1,0,0,0,0,0,0,0,0,0,0,0
Hyundai Santro Club  ,560000,2003,28000,1,Petrol,0,0,Hatchback,Silver,1000,0,0,1,0,0,0,0,0,0,0,0,0,0,0
Hyundai Santro Club  ,550000,2003,100000,1,Petrol,0,0,Hatchback,Grey,1000,0,0,1,0,0,0,0,0,0,0,1,0,0,0
Hyundai Santro Club  ,550000,2003,178786,1,Petrol,0,0,Hatchback,Silver,1000,0,0,1,1,0,0,0,0,0,0,0,0,0,0
Hyundai Santro Club  ,550000,2003,160000,1,Petrol,0,0,Hatchback,Green,1000,,0,0,0,0,0,0,0,0,0,0,0,0,0
Hyundai Santro Club  ,550000,2005,125000,1,Petrol,0,0,Hatchback,White,1000,0,0,1,1,0,0,0,0,1,0,1,0,0,0
Hyundai Santro Club  ,550000,2004,150000,1,,0,0,Hatchback,Grey,1000,0,0,1,0,0,0,0,0,0,0,0,0,0,0
Hyundai Santro Club  ,550000,2004,113500,1,Petrol,0,0,Hatchback,White,1000,0,0,1,1,0,0,0,0,0,0,0,0,0,0
Hyundai Santro Club  ,545000,2005,80000,1,Petrol,0,0,Hatchback,Black,1000,0,0,1,1,0,0,0,0,0,0,1,0,0,0
Hyundai Santro Club  ,540000,2003,160000,1,Petrol,0,0,Hatchback,Turquoise,1000,0,0,1,0,0,0,0,0,1,0,1,0,0,0
Hyundai Santro Club  ,540000,2005,111111,1,Petrol,0,0,Hatchback,White,1000,0,0,1,0,0,0,0,0,0,0,0,0,0,0
Hyundai Santro Club  ,540000,2004,117100,1,Petrol,0,0,Hatchback,Black,1000,0,0,1,0,0,0,0,0,0,0,0,0,0,0
Hyundai Santro Club  ,540000,2003,151937,1,Petrol,0,0,Hatchback,Grey,1000,0,0,1,0,0,0,0,0,0,0,0,0,0,0
Hyundai Santro Club  ,535000,2004,125000,1,Petrol,0,0,Hatchback,Grey,1000,0,0,1,0,0,0,0,0,0,0,0,0,0,0
Hyundai Santro Club  ,530000,2003,150000,1,Petrol,0,0,Hatchback,Grey,1000,0,0,1,0,0,0,0,0,0,0,0,0,0,0
Hyundai Santro Club  ,525000,2004,90000,1,Petrol,0,1,Hatchback,Grey,1000,0,0,1,0,0,0,0,0,0,0,0,0,0,0
Hyundai Santro Club  ,525000,2004,150000,1,Petrol,0,0,Hatchback,Silver,1000,0,0,1,0,0,0,0,0,0,0,0,0,0,0
Hyundai Santro Club  ,520000,2003,68000,1,Petrol,0,0,Hatchback,Silver,1000,0,1,1,0,0,0,0,0,0,0,0,0,0,0
Hyundai Santro Club  ,515000,2003,167227,1,Petrol,0,0,Hatchback,White,1000,0,0,1,1,0,0,0,0,0,0,1,0,0,0
Hyundai Santro Club  ,515000,2004,142333,1,Petrol,0,0,Hatchback,White,1000,0,0,0,0,0,0,0,0,0,0,1,0,0,0
Hyundai Santro Club  ,510000,2006,80000,1,Petrol,0,0,Hatchback,Grey,1000,0,0,1,0,0,0,0,0,0,0,0,0,0,0
Hyundai Santro Club  ,510000,2004,124502,1,Petrol,0,0,Hatchback,Grey,1000,0,0,1,1,0,0,0,0,0,0,0,0,0,0
Hyundai Santro Club  ,510000,2003,72000,1,Petrol,0,0,Hatchback,Gold,1000,0,0,1,0,0,0,0,0,0,0,0,0,0,0
Hyundai Santro Club  ,510000,2003,142000,1,Petrol,0,0,Hatchback,White,1000,0,0,1,0,0,0,0,0,0,0,0,0,0,0
Hyundai Santro Club  ,500000,2003,141500,1,Petrol,0,0,Hatchback,Gold,1000,0,0,1,0,0,0,0,0,1,0,0,0,0,0
Hyundai Santro Club  ,500000,2004,116000,1,Petrol,0,1,Hatchback,Silver,1000,0,0,1,0,0,0,0,0,0,0,0,0,0,0
Hyundai Santro Club  ,500000,2004,70000,1,Petrol,0,0,Hatchback,White,1000,0,0,1,0,0,0,0,0,0,0,0,0,0,0
Hyundai Santro Club  ,500000,2003,250000,1,Petrol,0,0,Hatchback,Grey,1000,0,0,1,0,0,0,0,0,0,0,0,0,0,0
Hyundai Santro Club  ,500000,2004,68000,1,Petrol,0,0,Hatchback,Grey,1000,0,0,1,0,0,0,0,0,0,0,0,0,0,0
Hyundai Santro Club  ,500000,2004,200000,1,,0,0,Hatchback,Silver,1000,0,0,1,0,0,0,0,0,0,0,0,0,0,0
Hyundai Santro Club  ,490000,2006,200000,1,Petrol,0,0,Hatchback,White,1000,0,0,1,0,0,0,0,0,0,0,0,0,0,0
Hyundai Santro Club  ,480000,2004,152100,1,Petrol,0,0,Hatchback,White,1000,0,0,1,0,0,0,0,0,0,0,0,0,0,0
Hyundai Santro Club  ,470000,2003,150000,1,Petrol,0,0,Hatchback,Assembly,1000,0,0,1,0,0,0,0,0,0,0,1,0,0,0
Hyundai Santro Club  ,470000,2005,123450,1,Petrol,0,0,Hatchback,Black,1000,0,0,1,0,0,0,0,0,0,0,0,0,0,0
Hyundai Santro Club  ,465000,2003,68000,1,Petrol,0,0,Hatchback,Red,1000,0,0,1,0,0,0,0,0,0,0,0,0,0,0
Hyundai Santro Club  ,460000,2004,210000,1,Petrol,0,0,Hatchback,Beige,1000,0,0,1,0,0,0,0,0,0,0,0,0,0,0
Hyundai Santro Club  ,450000,2003,258314,1,Petrol,0,0,Hatchback,Grey,1000,0,0,1,0,0,0,0,0,0,0,0,0,0,0
Hyundai Santro Club  ,450000,2006,160000,1,Petrol,0,0,Hatchback,Black,1000,0,0,1,0,0,0,0,0,0,0,0,0,0,0
Hyundai Santro Club  ,450000,2004,162128,1,Petrol,0,0,Hatchback,Black,1000,0,0,1,0,0,0,0,0,0,0,0,0,0,0
Hyundai Santro Club  ,400000,2003,100000,1,Petrol,0,0,Hatchback,Grey,1000,0,0,1,0,0,0,0,0,0,0,0,0,0,0
Hyundai Santro Club GV  ,1085000,2014,73000,1,Petrol,0,0,Hatchback,Black,1098,1,0,1,1,0,0,0,0,1,1,1,0,0,0
Hyundai Santro Club GV  ,1030000,2014,89000,1,Petrol,0,0,Hatchback,Grey,1000,0,0,1,0,0,0,0,0,0,0,0,0,0,0
Hyundai Santro Club GV  ,930000,2009,63280,1,Petrol,0,0,Hatchback,Blue,1100,0,0,1,0,0,0,0,0,0,0,0,0,0,0
Hyundai Santro Club GV  ,870000,2008,126000,1,Petrol,0,0,Hatchback,White,1000,0,0,1,0,0,0,0,0,0,0,0,0,0,0
Hyundai Santro Club GV  ,855000,2009,79000,1,Petrol,0,0,Hatchback,Maroon,1100,0,0,1,0,0,0,0,0,0,0,0,0,0,0
Hyundai Santro Club GV  ,850000,2014,86000,1,Petrol,0,0,Hatchback,Grey,1100,0,0,1,0,0,0,0,0,0,0,1,0,0,0
Hyundai Santro Club GV  ,835000,2006,57000,1,Petrol,0,0,Hatchback,Silver,1086,0,0,1,1,0,0,0,0,1,0,1,0,0,0
Hyundai Santro Club GV  ,815000,2007,85315,1,Petrol,0,0,Hatchback,Grey,1000,0,0,1,0,0,0,0,0,0,0,0,0,0,0
Hyundai Santro Club GV  ,800000,2007,100000,1,Petrol,0,0,Hatchback,Blue,1100,0,0,1,1,0,0,0,0,0,0,0,0,0,0
Hyundai Santro Club GV  ,800000,2007,119000,1,Petrol,0,0,Hatchback,Silver,1086,0,0,1,0,0,0,0,0,0,0,0,0,0,0
Hyundai Santro Club GV  ,800000,2007,79157,1,Petrol,0,0,Hatchback,White,1100,0,0,1,0,0,0,0,0,0,0,0,0,0,0
Hyundai Santro Club GV  ,790000,2009,110000,1,Petrol,0,0,Hatchback,Silver,1100,0,1,1,0,0,0,0,0,0,0,0,0,0,0
Hyundai Santro Club GV  ,780000,2007,119000,1,Petrol,0,0,Hatchback,Silver,1000,0,0,1,0,0,0,0,0,0,0,0,0,0,0
Hyundai Santro Club GV  ,775000,2005,156000,1,Petrol,0,0,Hatchback,Silver,1000,0,0,1,0,0,0,0,0,1,0,1,0,0,0
Hyundai Santro Club GV  ,755000,2007,123000,1,Petrol,0,0,Hatchback,White,1000,0,0,1,0,0,0,0,0,0,0,1,0,0,0
Hyundai Santro Club GV  ,750000,2005,106000,1,Petrol,0,0,Hatchback,White,1086,0,0,1,1,0,0,0,0,0,0,1,0,0,0
Hyundai Santro Club GV  ,750000,2008,123456,1,Petrol,0,0,Hatchback,Silver,1000,0,0,1,1,0,0,0,0,1,0,1,0,0,0
Hyundai Santro Club GV  ,750000,2008,50000,1,Petrol,0,0,Hatchback,Grey,1000,0,0,1,0,0,0,0,0,0,0,0,0,0,0
Hyundai Santro Club GV  ,750000,2008,67000,1,Petrol,0,1,Hatchback,White,1100,0,0,1,0,0,0,0,0,0,0,0,0,0,0
Hyundai Santro Club GV  ,740000,2006,137000,1,Petrol,0,0,Hatchback,Silver,1100,0,0,1,0,0,0,0,0,0,0,0,0,0,0
Hyundai Santro Club GV  ,730000,2006,85000,1,Petrol,0,0,Hatchback,Assembly,1100,0,0,1,1,0,0,0,0,1,0,0,0,0,0
Hyundai Santro Club GV  ,723000,2007,159000,1,Petrol,0,0,Hatchback,Silver,1100,0,0,1,0,0,0,0,0,0,0,0,0,0,0
Hyundai Santro Club GV  ,720000,2007,150000,1,Petrol,0,0,Hatchback,Blue,1000,0,0,1,1,0,0,0,0,1,0,0,0,0,0
Hyundai Santro Club GV  ,720000,2005,103700,1,Petrol,0,0,Hatchback,Silver,1100,0,0,1,0,0,0,0,0,0,0,0,0,0,0
Hyundai Santro Club GV  ,720000,2008,120000,1,Petrol,0,0,Hatchback,Maroon,1100,0,0,1,0,0,0,0,0,0,0,0,0,0,0
Hyundai Santro Club GV  ,710000,2009,125000,1,Petrol,0,0,Hatchback,Blue,1100,0,0,1,0,0,0,0,0,0,0,0,0,0,0
Hyundai Santro Club GV  ,710000,2007,165000,1,Petrol,0,0,Hatchback,Silver,1000,0,0,1,1,0,0,0,0,0,0,0,0,0,0
Hyundai Santro Club GV  ,710000,2007,119000,1,Petrol,0,0,Hatchback,Black,1100,0,0,1,0,0,0,0,0,0,0,0,0,0,0
Hyundai Santro Club GV  ,700000,2006,150000,1,Petrol,0,0,Hatchback,Grey,1100,0,0,1,0,0,0,0,0,0,0,0,0,0,0
Hyundai Santro Club GV  ,700000,2008,100000,1,Petrol,0,0,Hatchback,Black,1000,0,0,1,0,0,0,0,0,0,0,0,0,0,0
Hyundai Santro Club GV  ,685000,2006,86000,1,Petrol,0,0,Hatchback,White,1100,0,0,1,0,0,0,0,0,0,0,0,0,0,0
Hyundai Santro Club GV  ,680000,2005,115000,1,Petrol,0,0,Hatchback,Grey,1100,0,0,1,0,0,0,0,0,0,0,0,0,0,0
Hyundai Santro Club GV  ,680000,2006,100000,1,Petrol,0,0,Hatchback,Blue,1100,0,0,1,0,0,0,0,0,0,0,0,0,0,0
Hyundai Santro Club GV  ,675000,2006,115000,1,Petrol,0,0,Hatchback,Grey,1086,0,0,1,1,0,0,0,0,0,0,0,0,0,0
Hyundai Santro Club GV  ,675000,2006,207471,1,Petrol,0,0,Hatchback,Black,1086,0,0,1,0,0,0,0,0,0,0,0,0,0,0
Hyundai Santro Club GV  ,675000,2004,148000,1,Petrol,1,0,Hatchback,Black,1100,0,0,1,1,0,0,0,0,1,0,0,0,0,0
Hyundai Santro Club GV  ,675000,2006,61829,1,Petrol,0,0,Hatchback,Assembly,1000,0,0,1,0,0,0,0,0,0,0,1,0,0,0
Hyundai Santro Club GV  ,670000,2006,130000,1,Petrol,0,0,Hatchback,Silver,1100,0,0,1,0,0,0,0,0,0,0,0,0,0,0
Hyundai Santro Club GV  ,670000,2006,98000,1,Petrol,0,0,Hatchback,Silver,1000,0,0,1,0,0,0,0,0,0,0,0,0,0,0
Hyundai Santro Club GV  ,670000,2007,98000,1,Petrol,0,0,Hatchback,Grey,1100,0,0,1,0,0,0,0,0,0,0,0,0,0,0
Hyundai Santro Club GV  ,665000,2006,94000,1,Petrol,0,0,Hatchback,Black,1100,0,0,1,0,0,0,0,0,0,0,0,0,0,0
Hyundai Santro Club GV  ,655000,2007,89000,1,Petrol,0,0,Hatchback,Silver,1100,0,0,1,0,0,0,0,0,0,0,0,0,0,0
Hyundai Santro Club GV  ,650000,2006,140000,1,Petrol,0,0,Hatchback,Black,1100,0,0,1,1,0,0,0,0,0,0,0,0,0,0
Hyundai Santro Club GV  ,650000,2006,225400,1,Petrol,0,1,Hatchback,Black,1000,1,0,0,1,0,0,0,0,0,0,0,0,0,0
Hyundai Santro Club GV  ,650000,2007,181637,1,Petrol,0,0,Hatchback,Grey,1000,0,0,1,0,0,0,0,0,0,0,0,0,0,0
Hyundai Santro Club GV  ,650000,2004,191633,1,Petrol,0,0,Hatchback,Blue,1100,0,0,1,0,0,0,0,0,1,0,0,0,0,0
Hyundai Santro Club GV  ,650000,2006,100000,1,Petrol,0,0,Hatchback,Assembly,1000,0,0,1,0,0,0,0,0,0,0,0,0,0,0
Hyundai Santro Club GV  ,650000,2006,88888,1,Petrol,0,0,Hatchback,Silver,1100,0,0,1,0,0,0,0,0,0,0,0,0,0,0
Hyundai Santro Club GV  ,650000,2004,212000,1,,0,0,Hatchback,Grey,1100,0,0,1,1,0,0,0,0,0,0,0,0,0,0
Hyundai Santro Club GV  ,645000,2007,78000,1,Petrol,0,0,Hatchback,White,1086,0,0,1,0,0,0,0,0,0,0,0,0,0,0
Hyundai Santro Club GV  ,635000,2005,90000,1,Petrol,0,0,Hatchback,White,1000,0,0,1,0,0,0,0,0,0,0,0,0,0,0
Hyundai Santro Club GV  ,630000,2008,175000,1,Petrol,0,0,Hatchback,White,1100,0,0,1,0,0,0,0,0,0,0,0,0,0,0
Hyundai Santro Club GV  ,625000,2006,109000,1,Petrol,0,0,Hatchback,Grey,1000,0,0,1,1,0,0,0,0,0,0,0,0,0,0
Hyundai Santro Club GV  ,625000,2004,139000,1,Petrol,0,0,Hatchback,Grey,1100,0,0,1,0,0,0,0,0,0,0,0,0,0,0
Hyundai Santro Club GV  ,620000,2004,120000,1,Petrol,0,0,Hatchback,Black,1100,0,0,1,1,0,0,0,0,0,0,0,0,0,0
Hyundai Santro Club GV  ,610000,2006,125000,1,Petrol,0,0,Hatchback,Grey,1100,0,0,1,0,0,0,0,0,0,0,0,0,0,0
Hyundai Santro Club GV  ,610000,2006,165000,1,Petrol,0,0,Hatchback,Black,1000,0,0,1,0,0,0,0,0,0,0,0,0,0,0
Hyundai Santro Club GV  ,605000,2006,125600,1,Petrol,0,1,Hatchback,White,1000,0,0,1,1,0,0,0,0,1,0,0,0,0,0
Hyundai Santro Club GV  ,595000,2004,221000,1,Petrol,0,0,Hatchback,Grey,1100,0,0,1,1,0,0,0,0,1,0,0,0,0,0
Hyundai Santro Club GV  ,595000,2006,12345,1,Petrol,0,0,Hatchback,White,1100,0,0,1,0,0,0,0,0,0,0,0,0,0,0
Hyundai Santro Club GV  ,590000,2007,197000,1,Petrol,0,0,Hatchback,White,1100,0,0,1,1,0,0,0,0,0,0,1,0,0,0
Hyundai Santro Club GV  ,590000,2004,85000,1,Petrol,0,0,Hatchback,Black,1000,0,0,1,1,0,0,0,0,0,0,0,0,0,0
Hyundai Santro Club GV  ,590000,2005,165200,1,,0,0,Hatchback,Silver,1000,0,0,1,0,0,0,0,0,0,0,0,0,0,0
Hyundai Santro Club GV  ,585000,2006,95000,1,Petrol,0,0,Hatchback,Black,1100,0,0,1,0,0,0,0,0,0,0,0,0,0,0
Hyundai Santro Club GV  ,585000,2004,150000,1,Petrol,0,0,Hatchback,Grey,1100,0,0,1,0,0,0,0,0,0,0,0,0,0,0
Hyundai Santro Club GV  ,580000,2006,143000,1,Petrol,0,0,Hatchback,Grey,1000,0,0,1,0,0,0,0,0,0,0,0,0,0,0
Hyundai Santro Club GV  ,575000,2004,120000,1,Petrol,0,0,Hatchback,Grey,1100,0,0,1,0,0,0,0,0,0,0,0,0,0,0
Hyundai Santro Club GV  ,565000,2004,147786,1,Petrol,0,0,Hatchback,Black,1100,0,0,1,0,0,0,0,0,0,0,0,0,0,0
Hyundai Santro Club GV  ,565000,2004,100000,1,Petrol,0,0,Hatchback,Silver,1100,0,0,1,0,0,0,0,0,0,0,0,0,0,0
Hyundai Santro Club GV  ,550000,2005,110000,1,Petrol,0,0,Hatchback,Turquoise,1100,0,0,1,0,0,0,0,0,0,0,0,0,0,0
Hyundai Santro Club GV  ,525000,2004,117455,1,Petrol,0,0,Hatchback,White,1100,0,0,1,0,0,0,0,0,0,0,0,0,0,0
Hyundai Santro Club GV  ,520000,2003,100000,1,Petrol,0,0,Hatchback,Green,1100,0,0,1,0,0,0,0,0,0,0,0,0,0,0
Hyundai Santro Club GV  ,515000,2003,136500,1,Petrol,0,0,Hatchback,Grey,1100,0,0,1,0,0,0,0,0,0,0,0,0,0,0
Hyundai Santro Club GV  ,490000,2003,135000,1,Petrol,0,0,Hatchback,Grey,1100,0,0,1,0,0,0,0,0,0,0,0,0,0,0
Hyundai Santro Club GV  ,460000,2005,90000,1,,0,1,Hatchback,Silver,1100,0,0,1,0,0,0,0,0,0,0,0,0,0,0
Hyundai Santro Exec  ,970000,2008,90000,1,Petrol,0,0,Hatchback,Silver,1000,0,0,1,0,0,0,0,0,0,0,1,0,0,0
Hyundai Santro Exec  ,890000,2008,125555,1,Petrol,0,0,Hatchback,Blue,1000,0,0,1,0,0,0,0,0,0,0,1,0,0,0
Hyundai Santro Exec  ,790000,2008,192000,1,Petrol,0,0,Hatchback,Silver,1000,0,0,1,0,0,0,0,0,0,0,1,0,0,0
Hyundai Santro Exec  ,750000,2005,115000,1,Petrol,0,0,Hatchback,Grey,1000,0,0,1,0,0,0,0,0,0,0,1,0,0,0
Hyundai Santro Exec  ,715000,2004,244000,1,Petrol,0,0,Hatchback,Blue,1000,0,0,1,0,0,0,0,0,0,0,1,0,0,0
Hyundai Santro Exec  ,715000,2004,86000,1,Petrol,0,0,Hatchback,Silver,1000,0,0,1,1,0,0,0,0,0,0,1,0,0,0
Hyundai Santro Exec  ,700000,2004,150000,1,Petrol,0,0,Hatchback,Assembly,1000,0,0,1,0,0,0,0,0,0,0,1,0,0,0
Hyundai Santro Exec  ,700000,2005,140000,1,Petrol,0,0,Hatchback,Silver,1000,0,0,1,0,0,0,0,0,0,0,1,0,0,0
Hyundai Santro Exec  ,700000,2005,85000,1,Petrol,0,0,Hatchback,White,1000,0,0,1,0,0,0,0,0,0,0,1,0,0,0
Hyundai Santro Exec  ,680000,2005,88000,1,Petrol,0,0,Hatchback,White,1000,0,0,1,0,0,0,0,0,0,0,1,0,0,0
Hyundai Santro Exec  ,680000,2004,129000,1,Petrol,0,0,Hatchback,Silver,1000,0,0,1,0,0,0,0,0,0,0,1,0,0,0
Hyundai Santro Exec  ,680000,2004,198000,1,Petrol,0,0,Hatchback,Red,1000,0,0,1,1,0,0,0,0,1,0,1,0,0,0
Hyundai Santro Exec  ,675000,2005,100000,1,Petrol,0,0,Hatchback,Silver,1000,0,0,1,0,0,0,0,0,0,0,1,0,0,0
Hyundai Santro Exec  ,675000,2005,100000,1,Petrol,0,0,Hatchback,Silver,1000,0,0,1,1,0,0,0,0,0,0,1,0,0,0
Hyundai Santro Exec  ,675000,2004,300000,1,Petrol,0,0,Hatchback,Silver,1000,0,0,1,0,0,0,0,0,0,0,1,0,0,0
Hyundai Santro Exec  ,675000,2005,100000,1,Petrol,0,0,Hatchback,Silver,1000,0,0,1,1,0,0,0,0,0,0,1,0,0,0
Hyundai Santro Exec  ,675000,2006,160000,1,Petrol,0,0,Hatchback,White,1000,0,0,1,1,0,0,0,0,0,0,1,0,0,0
Hyundai Santro Exec  ,670000,2005,75900,1,Petrol,0,0,Hatchback,Silver,1000,0,0,1,1,0,0,0,0,0,0,1,0,0,0
Hyundai Santro Exec  ,670000,2005,321000,1,Petrol,0,0,Hatchback,Black,1000,0,0,1,1,0,0,0,0,1,0,1,0,0,0
Hyundai Santro Exec  ,665000,2005,125000,1,Petrol,0,0,Hatchback,Grey,1000,0,0,1,0,0,0,0,0,0,0,1,0,0,0
Hyundai Santro Exec  ,655000,2005,200270,1,Petrol,0,1,Hatchback,Grey,1000,0,0,1,1,0,0,0,0,0,0,1,0,0,0
Hyundai Santro Exec  ,650000,2006,200000,1,Petrol,0,0,Hatchback,Black,1000,0,0,1,1,0,0,0,0,0,0,1,0,0,0
Hyundai Santro Exec  ,645000,2006,150000,1,Petrol,0,0,Hatchback,Black,1000,0,0,1,0,0,0,0,0,0,0,1,0,0,0
Hyundai Santro Exec  ,640000,2003,86999,1,Petrol,0,0,Hatchback,White,1000,0,0,1,0,0,0,0,0,0,0,1,0,0,0
Hyundai Santro Exec  ,635000,2004,145247,1,Petrol,0,0,Hatchback,Black,1000,0,0,1,0,0,0,0,0,0,0,1,0,0,0
Hyundai Santro Exec  ,630000,2004,145000,1,Petrol,0,0,Hatchback,Grey,1000,0,0,1,0,0,0,0,0,0,0,1,0,0,0
Hyundai Santro Exec  ,630000,2005,180000,1,Petrol,0,0,Hatchback,Black,1000,0,0,1,0,0,0,0,0,0,0,1,0,0,0
Hyundai Santro Exec  ,625000,2004,144500,1,Petrol,0,0,Hatchback,Grey,1000,0,0,1,0,0,0,0,0,0,0,1,0,0,0
Hyundai Santro Exec  ,625000,2004,123500,1,Petrol,0,0,Hatchback,Unlisted,1000,0,0,1,0,0,0,0,0,0,0,1,0,0,0
Hyundai Santro Exec  ,615000,2004,116000,1,Petrol,0,0,Hatchback,White,1000,0,0,1,0,0,0,0,0,0,0,1,0,0,0
Hyundai Santro Exec  ,605000,2004,140000,1,Petrol,0,0,Hatchback,Grey,1000,0,0,1,0,0,0,0,0,0,0,1,0,0,0
Hyundai Santro Exec  ,600000,2005,410000,1,Petrol,0,0,Hatchback,Silver,1000,0,0,1,0,0,0,0,0,0,0,0,0,0,0
Hyundai Santro Exec  ,600000,2005,100000,1,Petrol,0,0,Hatchback,Silver,1000,0,0,1,0,0,0,0,0,1,0,0,0,0,0
Hyundai Santro Exec  ,600000,2004,300000,1,Petrol,0,0,Hatchback,Silver,1000,0,0,1,0,0,0,0,0,0,0,1,0,0,0
Hyundai Santro Exec  ,600000,2004,90744,1,Petrol,0,0,Hatchback,Black,1000,0,0,1,0,0,0,0,0,0,0,1,0,0,0
Hyundai Santro Exec  ,599000,2004,64000,1,Petrol,0,0,Hatchback,Black,1000,0,0,1,0,0,0,0,0,0,0,1,0,0,0
Hyundai Santro Exec  ,595000,2005,88000,1,Petrol,0,0,Hatchback,Silver,1000,0,0,1,0,0,0,0,0,0,0,1,0,0,0
Hyundai Santro Exec  ,590000,2005,105000,1,Petrol,0,0,Hatchback,Silver,1000,0,0,1,0,0,0,0,0,0,0,1,0,0,0
Hyundai Santro Exec  ,585000,2004,40000,1,Petrol,0,0,Hatchback,Grey,1000,0,0,1,0,0,0,0,0,0,0,1,0,0,0
Hyundai Santro Exec  ,575000,2004,125000,1,Petrol,0,0,Hatchback,Grey,1000,0,0,1,0,0,0,0,0,0,0,1,0,0,0
Hyundai Santro Exec  ,560000,2004,188000,1,Petrol,0,0,Hatchback,White,1000,0,0,1,0,0,0,0,0,0,0,1,0,0,0
Hyundai Santro Exec  ,550000,2003,48000,1,Petrol,0,0,Hatchback,Silver,1000,0,0,1,0,0,0,0,0,0,0,1,0,0,0
Hyundai Santro Exec  ,550000,2004,205000,1,Petrol,0,0,Hatchback,Assembly,1000,0,0,1,0,0,0,0,0,0,0,1,0,0,0
Hyundai Santro Exec  ,520000,2004,100000,1,Petrol,0,0,Hatchback,Silver,1000,0,0,1,0,0,0,0,0,0,0,1,0,0,0
Hyundai Santro Exec  ,485000,2004,102981,1,Petrol,0,0,Hatchback,Silver,1000,0,0,1,0,0,0,0,0,0,0,1,0,0,0
Hyundai Santro Exec  ,480000,2004,124502,1,Petrol,0,0,Hatchback,Grey,1000,0,0,1,0,0,0,0,0,0,0,1,0,0,0
Hyundai Santro Exec  ,465000,2005,198630,1,Petrol,1,0,Hatchback,Black,1000,0,0,1,0,0,0,0,0,0,0,1,0,0,0
Hyundai Santro Exec  ,450000,2004,177800,1,Petrol,0,0,Hatchback,Red,1000,0,0,1,0,0,0,0,0,0,0,1,0,0,0
Hyundai Santro Exec GV  ,990000,2014,100000,1,Petrol,0,0,Hatchback,Silver,1000,0,0,1,0,0,0,0,0,0,0,1,0,0,0
Hyundai Santro Exec GV  ,795000,2006,201230,1,Petrol,0,0,Hatchback,Turquoise,1000,0,0,1,1,0,0,0,0,0,0,1,0,0,0
Hyundai Santro Exec GV  ,750000,2006,96000,1,Petrol,0,0,Hatchback,Grey,1000,0,0,1,0,0,0,0,0,0,0,1,0,0,0
Hyundai Santro Exec GV  ,725000,2007,150000,1,Petrol,0,0,Hatchback,Blue,1000,0,0,1,0,0,0,0,0,0,0,1,0,0,0
Hyundai Santro Exec GV  ,700000,2006,133042,1,Petrol,0,0,Hatchback,White,1000,0,0,1,0,0,0,0,0,0,0,1,0,0,0
Hyundai Santro Exec GV  ,700000,2005,80000,1,Petrol,0,0,Hatchback,White,1000,0,0,1,1,0,0,0,0,0,0,1,0,0,0
Hyundai Santro Exec GV  ,700000,2006,101832,1,Petrol,0,0,Hatchback,Blue,1000,0,0,1,1,0,0,0,0,1,0,1,0,0,0
Hyundai Santro Exec GV  ,660000,2006,195600,1,Petrol,0,0,Hatchback,Black,1000,0,0,1,1,0,0,0,0,0,0,1,0,0,0
Hyundai Santro Exec GV  ,655000,2007,75000,1,Petrol,0,0,Hatchback,Black,1000,0,0,1,0,0,0,0,0,0,0,1,0,0,0
Hyundai Santro Exec GV  ,635000,2006,223000,1,Petrol,0,0,Hatchback,Silver,1000,0,0,1,1,0,0,0,0,0,0,1,0,0,0
Hyundai Santro Exec GV  ,580000,2005,190000,1,Petrol,0,0,Hatchback,White,1000,0,0,1,0,0,0,0,0,0,0,1,0,0,0
Hyundai Santro Exec GV  ,545000,2003,68000,1,Petrol,0,0,Hatchback,Green,1000,0,0,1,0,0,0,0,0,0,0,1,0,0,0
Hyundai Santro Plus  ,650000,2002,100000,1,Petrol,0,0,Hatchback,Red,1000,0,0,1,0,0,0,0,0,0,0,0,0,0,0
Hyundai Santro Plus  ,575000,2001,244500,1,Petrol,0,1,Hatchback,Silver,1000,0,0,1,1,0,0,0,0,0,0,0,0,0,0
Hyundai Santro Plus  ,545000,2001,250000,1,Petrol,0,1,Hatchback,White,1000,0,0,1,0,0,0,0,0,0,0,0,0,0,0
Hyundai Santro Plus  ,545000,2000,120000,1,Petrol,0,1,Hatchback,White,1000,0,0,1,0,0,0,0,0,0,0,0,0,0,0
Hyundai Santro Plus  ,525000,2002,100000,1,Petrol,0,1,Hatchback,Gold,1000,0,0,1,0,0,0,0,0,0,0,0,0,0,0
Hyundai Santro Plus  ,525000,2001,100000,1,Petrol,0,0,Hatchback,Black,1000,0,0,1,0,0,0,0,0,0,0,0,0,0,0
Hyundai Santro Plus  ,510000,2002,160000,1,Petrol,0,1,Hatchback,Black,1000,0,0,1,0,0,0,0,0,0,0,0,0,0,0
Hyundai Santro Plus  ,500000,2002,150000,1,Petrol,0,1,Hatchback,White,1000,0,1,1,1,0,0,0,0,0,0,1,0,0,0
Hyundai Santro Plus  ,500000,2003,150000,1,Petrol,0,1,Hatchback,Silver,1000,0,0,1,0,0,0,0,0,0,0,0,0,0,0
Hyundai Santro Plus  ,499000,2000,100000,1,Petrol,0,1,Hatchback,White,1000,0,0,1,0,0,0,0,0,0,0,0,0,0,0
Hyundai Santro Plus  ,498000,2002,166000,1,Petrol,0,0,Hatchback,White,1000,0,0,1,0,0,0,0,0,0,0,0,0,0,0
Hyundai Santro Plus  ,495000,2000,150000,1,Petrol,0,1,Hatchback,Assembly,1000,0,0,1,1,0,0,0,0,0,0,0,0,0,0
Hyundai Santro Plus  ,490000,2002,85000,1,Petrol,0,1,Hatchback,Assembly,1000,0,0,1,0,0,1,0,0,0,0,0,0,0,0
Hyundai Santro Plus  ,490000,2002,195130,1,Petrol,0,1,Hatchback,Black,1000,0,0,1,1,0,0,0,0,1,0,1,0,0,0
Hyundai Santro Plus  ,480000,2001,123000,1,,0,1,Hatchback,Silver,1000,0,0,1,0,0,0,0,0,0,0,0,0,0,0
Hyundai Santro Plus  ,480000,2001,100000,1,Petrol,0,1,Hatchback,Silver,1000,0,0,1,0,0,0,0,0,0,0,0,0,0,0
Hyundai Santro Plus  ,475000,2001,179000,1,Petrol,0,1,Hatchback,Blue,1000,0,0,1,0,0,0,0,0,0,0,0,0,0,0
Hyundai Santro Plus  ,470000,2001,300000,1,Petrol,0,1,Hatchback,Green,1000,0,0,1,0,0,0,0,0,0,0,0,0,0,0
Hyundai Santro Plus  ,460000,2000,123000,1,Petrol,0,1,Hatchback,Red,1000,0,0,1,0,0,0,0,0,0,0,0,0,0,0
Hyundai Santro Plus  ,450000,2002,100000,1,Petrol,0,1,Hatchback,White,1000,0,0,1,0,0,0,0,0,1,0,0,0,0,0
Hyundai Santro Plus  ,450000,2001,100000,1,Petrol,0,1,Hatchback,Beige,1000,0,0,1,0,0,0,0,0,0,0,0,0,0,0
Hyundai Santro Plus  ,450000,2001,225000,1,Petrol,0,0,Hatchback,Maroon,1000,0,0,1,0,0,0,0,0,0,0,0,0,0,0
Hyundai Santro Plus  ,440000,2000,190000,1,Petrol,0,1,Hatchback,White,1000,0,0,1,0,0,0,0,0,0,0,0,0,0,0
Hyundai Santro Plus  ,440000,2000,165000,1,Petrol,0,1,Hatchback,Blue,1000,0,0,1,1,0,0,0,0,0,0,0,0,0,0
Hyundai Santro Plus  ,435000,2001,170000,1,Petrol,0,1,Hatchback,Grey,1000,0,0,1,0,0,0,0,0,0,0,0,0,0,0
Hyundai Santro Plus  ,435000,2001,123456,1,,0,1,Hatchback,Green,1000,0,0,1,0,0,0,0,0,0,0,0,0,0,0
Hyundai Santro Plus  ,425000,2002,200000,1,Petrol,0,1,Hatchback,Brown,1000,0,0,1,0,0,0,0,0,0,0,0,0,0,0
Hyundai Santro Plus  ,415000,2002,300000,1,Petrol,0,1,Hatchback,White,1000,0,0,1,0,0,0,0,0,0,0,0,0,0,0
Hyundai Santro Plus  ,410000,2001,200000,1,Petrol,0,1,Hatchback,White,1000,0,0,1,0,0,0,0,0,0,0,0,0,0,0
Hyundai Santro Plus  ,390000,2001,90000,1,Petrol,0,1,Hatchback,White,1000,0,0,1,1,0,0,0,0,0,0,0,0,0,0
Hyundai Santro Plus  ,235000,2001,12000,1,Petrol,0,1,Hatchback,Red,1000,0,0,1,0,0,0,0,0,0,0,0,0,0,0
Hyundai Santro Prime  ,800000,2008,100000,1,Petrol,0,0,Hatchback,White,1000,0,0,1,0,0,0,0,0,0,0,0,0,0,0
Hyundai Santro Prime  ,660000,2007,123698,1,Petrol,0,0,Hatchback,Black,1000,0,0,1,0,0,0,0,0,0,0,0,0,0,0
Hyundai Santro Prime  ,650000,2007,130000,1,Petrol,0,0,Hatchback,Black,1000,0,0,1,1,0,0,0,0,0,0,1,0,0,0
Hyundai Santro Prime GV  ,849000,2006,110000,1,Petrol,0,0,Hatchback,Silver,1000,0,0,1,0,0,0,0,0,0,0,0,0,0,0
Hyundai Santro Prime GV  ,780000,2008,134000,1,Petrol,0,0,Hatchback,Maroon,1000,0,0,1,1,0,0,0,0,0,0,0,0,0,0
Hyundai Santro Prime GV  ,750000,2008,72658,1,Petrol,0,0,Hatchback,White,1000,0,0,1,0,0,0,0,0,0,0,0,0,0,0
Hyundai Santro Prime GV  ,750000,2006,78000,1,Petrol,0,0,Hatchback,Grey,1000,0,0,1,0,0,0,0,0,0,0,0,0,0,0
Hyundai Santro Prime GV  ,750000,2008,90000,1,Petrol,0,0,Hatchback,Blue,1000,0,0,1,0,0,0,0,0,0,0,0,0,0,0
Hyundai Santro Prime GV  ,725000,2007,150666,1,Petrol,0,0,Hatchback,Grey,1000,0,0,1,0,0,0,0,0,0,0,0,0,0,0
Hyundai Santro Prime GV  ,724000,2007,125403,1,Petrol,0,0,Hatchback,White,1000,0,0,1,1,0,0,0,0,0,0,0,0,0,0
Hyundai Santro Prime GV  ,700000,2007,80000,1,Petrol,0,0,Hatchback,Black,1000,0,0,1,0,0,0,0,0,0,0,0,0,0,0
Hyundai Santro Prime GV  ,700000,2007,117500,1,Petrol,0,0,Hatchback,Black,1000,0,0,1,1,0,0,0,0,1,0,0,0,0,0
Hyundai Santro Prime GV  ,675000,2007,136000,1,Petrol,0,0,Hatchback,Grey,1000,0,0,1,0,0,0,0,0,0,0,0,0,0,0
Hyundai Santro Prime GV  ,595000,2005,60000,1,Petrol,0,0,Hatchback,Red,1000,0,0,1,0,0,0,0,0,0,0,0,0,0,0
Hyundai Santro Prime GV  ,590000,2006,85000,1,Petrol,0,0,Hatchback,Silver,1000,0,0,1,0,0,0,0,0,0,0,0,0,0,0
Hyundai Shehzore  ,1750000,2009,191000,1,Diesel,0,0,,Red,2600,,0,0,0,0,0,0,0,0,0,0,0,0,0
Hyundai Shehzore  ,1700000,2009,125000,1,Diesel,0,1,,White,2600,,0,0,0,0,0,0,0,0,0,0,0,0,0
Hyundai Shehzore  ,1550000,2002,200000,1,Diesel,0,0,,White,2600,0,0,0,0,0,0,0,0,0,0,1,0,0,0
Hyundai Shehzore  ,1550000,2006,150000,1,Diesel,0,0,,White,2400,,0,0,0,0,0,0,0,0,0,0,0,0,0
Hyundai Shehzore  ,1425000,2007,125000,1,Diesel,0,0,,White,1800,,0,0,0,0,0,0,0,0,0,0,0,0,0
Hyundai Shehzore Pickup H-100  ,1900000,2006,103565,1,Diesel,0,0,Pick Up,White,2600,0,0,0,0,0,0,0,0,0,0,0,0,0,0
Hyundai Shehzore Pickup H-100  ,1800000,2009,90000,1,Diesel,0,0,Pick Up,White,2600,0,0,0,0,0,0,0,0,0,0,0,0,0,0
Hyundai Shehzore Pickup H-100  ,1705000,2006,150000,1,Diesel,0,0,Pick Up,White,2600,0,0,0,0,0,0,0,0,0,0,0,0,0,0
Hyundai Shehzore Pickup H-100  ,1700000,2007,100000,1,Diesel,0,0,Pick Up,White,2600,0,0,0,0,0,0,0,0,0,0,0,0,0,0
Hyundai Shehzore Pickup H-100  ,1625000,2007,138000,1,Diesel,0,0,Pick Up,Red,2600,0,0,0,0,0,0,0,0,0,0,0,0,0,0
Hyundai Shehzore Pickup H-100  ,1500000,2005,185000,1,Diesel,0,0,Pick Up,White,2600,0,0,0,0,0,0,0,0,0,0,0,0,0,0
Hyundai Shehzore Pickup H-100  ,1450000,2005,175000,1,Diesel,0,0,Pick Up,White,2600,0,0,0,0,0,0,0,0,0,0,0,0,0,0
Hyundai Shehzore Pickup H-100  ,1250000,2002,80000,1,Diesel,0,0,Pick Up,White,2600,,0,0,0,0,0,0,0,0,0,0,0,0,0
Hyundai Shehzore Pickup H-100  ,1150000,2005,200000,1,Diesel,0,0,Pick Up,White,2600,0,0,0,0,0,0,0,0,0,0,0,0,0,0
Hyundai Shehzore Pickup H-100  ,1150000,2005,100000,1,Diesel,0,0,Pick Up,Blue,2600,0,0,0,0,0,0,0,0,0,0,0,0,0,0
Hyundai Shehzore Pickup H-100 (Flat Bed)  ,1800000,2008,112251,1,Diesel,0,0,Pick Up,White,2600,0,0,0,0,0,0,0,0,0,0,0,0,0,0
Hyundai Shehzore Pickup H-100 (Flat Bed)  ,1800000,2009,56000,1,Diesel,0,0,Pick Up,White,2600,0,0,0,0,0,0,0,0,0,0,0,0,0,0
Hyundai Shehzore Pickup H-100 (Flat Bed)  ,1580000,2005,250000,1,Diesel,0,0,Pick Up,White,2600,0,0,0,0,0,0,0,0,0,0,0,0,0,0
Hyundai Shehzore Pickup H-100 (With Deck and Side Wall)  ,2200000,2019,12000,1,Diesel,0,0,Pick Up,White,2600,0,0,0,0,0,0,0,0,0,0,0,0,0,0
Hyundai Shehzore Pickup H-100 (With Deck and Side Wall)  ,2000000,2008,76900,1,Diesel,0,0,Pick Up,White,2600,0,0,0,0,0,0,0,0,0,0,0,0,0,0
Hyundai Shehzore Pickup H-100 (With Deck and Side Wall)  ,1800000,2008,255530,1,Diesel,0,1,Pick Up,White,2600,0,0,0,0,0,0,0,0,0,0,0,0,0,0
Hyundai Shehzore Pickup H-100 (With Deck and Side Wall)  ,1800000,2010,100000,1,Diesel,0,0,Pick Up,White,2600,0,0,0,0,0,0,0,0,0,0,0,0,0,0
Hyundai Shehzore Pickup H-100 (With Deck and Side Wall)  ,1800000,2008,223356,1,Diesel,0,0,Pick Up,White,2600,0,0,0,0,0,0,0,0,0,0,0,0,0,0
Hyundai Shehzore Pickup H-100 (With Deck and Side Wall)  ,1700000,2009,100000,1,Diesel,0,0,Pick Up,White,2600,0,0,1,1,0,0,0,0,0,0,0,0,0,0
Hyundai Shehzore Pickup H-100 (With Deck and Side Wall)  ,1650000,2009,110000,1,Diesel,0,0,Pick Up,White,2600,0,0,0,0,0,0,0,0,0,0,0,0,0,0
Hyundai Shehzore Pickup H-100 (With Deck and Side Wall)  ,1600000,2008,126000,1,Diesel,0,0,Pick Up,White,2600,0,0,0,0,0,0,0,0,0,0,0,0,0,0
Hyundai Shehzore Pickup H-100 (With Deck and Side Wall)  ,1550000,2006,350000,1,Diesel,0,0,Pick Up,Blue,2600,0,0,0,0,0,0,0,0,0,0,0,0,0,0
Hyundai Shehzore Pickup H-100 (With Deck and Side Wall)  ,1425000,2007,135000,1,Diesel,0,0,Pick Up,Blue,2600,0,0,0,0,0,0,0,0,0,0,0,0,0,0
Hyundai Shehzore Pickup H-100 (With Deck and Side Wall)  ,1350000,2003,92000,1,Diesel,0,0,Pick Up,White,2400,,0,0,0,0,0,0,0,0,0,0,0,0,0
Hyundai Shehzore Pickup H-100 (With Deck and Side Wall)  ,1325000,2007,99000,1,Diesel,0,0,Pick Up,White,2600,0,0,0,0,0,0,0,0,0,0,0,0,0,0
Hyundai Shehzore Pickup H-100 (With Deck and Side Wall)  ,1250000,2004,130000,1,Petrol,0,0,Pick Up,White,2600,0,0,0,0,0,0,0,0,0,0,0,0,0,0
Hyundai Shehzore Pickup H-100 (With Deck and Side Wall)  ,1150000,2003,83522,1,Diesel,0,0,Pick Up,White,2600,,0,0,0,0,0,0,0,0,0,0,0,0,0
Hyundai Sonata  ,2400000,2005,120000,1,Petrol,1,1,,White,2400,,0,0,0,0,0,0,0,0,0,0,0,0,0
Hyundai Sonata  ,1950000,2005,100993,1,Petrol,1,1,,Silver,2400,,0,0,0,0,0,0,0,0,0,0,0,0,0
Hyundai Sonata  ,1850000,2008,154000,1,Petrol,1,1,,Silver,2400,1,1,1,1,1,0,0,0,1,1,1,0,1,1
Hyundai Sonata  ,1525000,2007,100000,1,Petrol,1,1,,Black,2400,0,1,1,1,0,0,1,0,1,1,1,0,0,1
Hyundai Sonata  ,830000,2005,70000,1,Petrol,1,1,,Silver,1800,1,1,1,1,0,0,0,0,0,1,1,0,0,0
Hyundai Sonata  ,585000,2004,40000,1,Petrol,0,0,,Grey,1000,,0,0,0,0,0,0,0,0,0,0,0,0,0
Hyundai Terracan  ,2600000,2005,48000,1,Diesel,1,1,,White,3000,,0,0,0,0,0,0,0,0,0,0,0,0,0
Hyundai Terracan  ,2500000,2007,87000,1,Diesel,0,1,,White,2800,1,1,1,1,0,1,0,0,0,1,1,0,0,1
Hyundai Terracan  ,2500000,2005,230000,1,Diesel,1,1,,Silver,2900,1,1,1,1,0,1,0,0,1,0,1,0,0,1
Hyundai Terracan  ,2350000,2005,110000,1,Diesel,1,1,,Silver,2900,1,1,0,0,0,0,0,0,0,0,0,0,0,1
Hyundai Terracan  ,1950000,2006,65000,1,Diesel,1,0,,Blue,2900,1,1,1,1,0,0,0,0,1,1,1,0,0,1
Hyundai Terracan  ,1700000,2005,195000,1,Diesel,1,1,,Silver,3000,0,1,0,1,0,0,0,0,0,0,1,0,0,1
Hyundai Terracan  ,1650000,2002,130000,1,Diesel,1,1,,Blue,2500,1,1,1,1,0,0,0,0,1,0,1,0,0,1
