Name,Price,Model Year,Mileage,Registered ,Engine Type,Transmission,Assembly,Body Type,Color,Engine Capacity,Anti lock Braking System,Air Bags,Air conditioning,Alloy Rims,Climate Control,Coolbox,Cruise Control,Front Camera,Heated Seats,KeyLess Entry,Navigation System,Power Locks,Power Mirrors,Power Steering,Power Windows,Rear AC Vents,Rear Camera,Rear seat Entertainment,Rear Speakers,Steering Switches,Sun Roof
Mitsubishi EK Custom  ,1650000,2016,40000,1,Petrol,1,1,,White,660,,0,0,0,0,0,0,0,0,0,0,0,0,0,0,0,0,0,0,0,0
Mitsubishi EK Custom  ,1500000,2014,31919,1,Petrol,1,1,,Silver,660,1,1,1,1,0,0,0,0,0,1,0,1,1,1,1,0,0,0,1,0,0
Mitsubishi EK Custom  ,1400000,2014,72000,1,Petrol,1,1,,Purple,660,1,1,1,1,0,0,0,0,0,1,1,1,1,1,1,0,0,0,1,0,0
Mitsubishi EK Custom  ,1360000,2014,50000,1,Petrol,1,1,,White,660,1,1,1,1,0,0,0,0,0,1,1,1,1,1,1,0,0,0,1,0,0
Mitsubishi EK Custom  ,1275000,2013,65000,1,Petrol,1,1,,White,660,0,1,1,1,0,0,0,0,0,0,0,1,1,1,1,0,0,0,1,0,0
Mitsubishi EK Custom G  ,1750000,2017,30000,0,Petrol,1,1,Hatchback,Black,660,1,1,1,1,0,0,0,0,0,1,1,1,1,1,1,0,0,0,1,0,0
Mitsubishi EK Custom G  ,1750000,2015,35000,0,Petrol,1,1,Hatchback,Black,660,1,1,1,1,0,0,0,0,0,1,1,1,1,1,1,0,0,0,1,0,0
Mitsubishi EK Custom G  ,1700000,2017,22000,0,Petrol,1,1,Hatchback,Black,660,1,1,1,1,0,0,0,0,0,1,1,1,1,1,1,0,0,0,1,0,0
Mitsubishi EK Custom G  ,1675000,2016,41000,1,Petrol,1,1,Hatchback,White,660,1,1,1,1,0,0,0,0,0,1,1,1,1,1,1,0,0,0,1,0,0
Mitsubishi EK Custom G  ,1650000,2013,57000,1,Petrol,1,1,Hatchback,White,660,1,1,1,1,0,0,0,0,0,1,1,1,1,1,1,0,0,0,1,0,0
Mitsubishi EK Custom G  ,1600000,2017,29700,0,Petrol,1,1,Hatchback,Black,660,1,1,1,1,0,0,0,0,0,1,1,1,1,1,1,0,0,0,1,0,0
Mitsubishi EK Custom G  ,1545000,2016,41000,1,Petrol,1,1,Hatchback,Black,660,1,1,1,1,0,0,0,0,0,1,1,1,1,1,1,0,0,0,1,0,0
Mitsubishi EK Custom G  ,1500000,2014,27000,1,Petrol,1,1,Hatchback,Red,660,1,1,1,1,0,0,0,0,0,1,1,1,1,1,1,0,0,0,1,0,0
Mitsubishi EK Custom G  ,1499000,2015,47897,1,Petrol,1,1,Hatchback,Assembly,660,1,1,1,1,0,0,0,0,0,1,1,1,1,1,1,0,0,0,1,0,0
Mitsubishi EK Custom G  ,1495000,2014,58600,1,Petrol,1,1,Hatchback,Blue,660,1,1,1,1,0,0,0,0,0,1,1,1,1,1,1,0,0,0,1,0,0
Mitsubishi EK Custom G  ,1450000,2016,49000,1,Petrol,1,1,Hatchback,Black,660,1,1,1,1,0,0,0,0,0,1,1,1,1,1,1,0,0,0,1,0,0
Mitsubishi EK Custom G  ,1450000,2014,45000,1,Petrol,1,1,Hatchback,White,660,1,1,1,1,0,0,0,0,0,1,1,1,1,1,1,0,0,0,1,0,0
Mitsubishi EK Custom G  ,1450000,2018,135000,1,Petrol,1,1,Hatchback,White,660,1,1,1,1,0,0,0,0,0,1,1,1,1,1,1,0,0,0,1,0,0
Mitsubishi EK Custom G  ,1430000,2015,61000,1,Petrol,1,1,Hatchback,Silver,660,1,1,1,1,0,0,0,0,0,1,1,1,1,1,1,0,0,0,1,0,0
Mitsubishi EK Custom G  ,1425000,2014,51000,1,Petrol,1,1,Hatchback,Silver,660,1,1,1,1,0,0,0,0,0,1,1,1,1,1,1,0,0,0,1,0,0
Mitsubishi EK Custom G  ,1425000,2013,104000,1,Petrol,1,1,Hatchback,Silver,660,1,1,1,1,0,0,0,0,0,1,1,1,1,1,1,0,0,0,1,0,0
Mitsubishi EK Custom G  ,1425000,2014,61000,1,Petrol,1,1,Hatchback,Silver,660,1,1,1,1,0,0,0,0,0,1,1,1,1,1,1,0,0,0,1,0,0
Mitsubishi EK Custom G  ,1395000,2013,71000,1,Petrol,1,1,Hatchback,Silver,660,1,1,1,1,0,0,0,0,0,1,1,1,1,1,1,0,0,0,1,0,0
Mitsubishi EK Custom G  ,1380000,2014,64699,1,Petrol,1,1,Hatchback,Black,660,1,1,1,1,0,0,0,0,0,1,1,1,1,1,1,0,0,0,1,0,0
Mitsubishi EK Custom G  ,1355000,2013,71000,1,Petrol,1,1,Hatchback,Silver,660,1,1,1,1,0,0,0,0,0,1,1,1,1,1,1,0,0,0,1,0,0
Mitsubishi EK Custom G  ,1350000,2014,34000,1,Petrol,1,1,Hatchback,Red,660,1,1,1,1,0,0,0,0,0,1,1,1,1,1,1,0,0,0,1,0,0
Mitsubishi EK Custom G  ,1330000,2014,130000,1,Petrol,1,1,Hatchback,Silver,660,1,1,1,1,0,0,0,0,0,1,1,1,1,1,1,0,0,0,1,0,0
Mitsubishi EK Custom G  ,1320000,2014,88000,1,Petrol,1,1,Hatchback,Black,660,1,1,1,1,0,0,0,0,0,1,1,1,1,1,1,0,0,0,1,0,0
Mitsubishi EK Custom G  ,1315000,2013,82000,1,Petrol,1,1,Hatchback,White,660,1,1,1,1,0,0,0,0,0,1,1,1,1,1,1,0,0,0,1,0,0
Mitsubishi EK Custom G  ,1250000,2013,140000,1,Petrol,1,1,Hatchback,Black,660,1,1,1,1,0,0,0,0,0,1,1,1,1,1,1,0,0,0,1,0,0
Mitsubishi EK Custom G  ,1225000,2013,73000,1,Petrol,1,1,Hatchback,Black,660,1,1,1,1,0,0,0,0,0,1,1,1,1,1,1,0,0,0,1,0,0
Mitsubishi EK Custom G  ,1175000,2012,41758,1,Petrol,1,1,Hatchback,White,660,1,1,1,0,0,0,0,0,0,1,1,1,1,1,1,0,0,0,1,0,0
Mitsubishi EK Custom G  ,995000,2007,92000,1,Petrol,1,1,Hatchback,Red,660,1,1,1,0,0,0,0,0,0,1,0,1,1,1,1,0,0,0,1,0,0
Mitsubishi EK Custom M  ,1650000,2016,34000,1,Petrol,1,1,Hatchback,Red,660,1,1,1,1,0,0,0,0,0,1,1,1,1,1,1,0,0,0,1,0,0
Mitsubishi EK Custom M  ,1350000,2014,64000,1,Petrol,1,1,Hatchback,Black,660,1,1,1,1,0,0,0,0,0,1,1,1,1,1,1,0,0,0,1,0,0
Mitsubishi EK Custom T  ,1800000,2017,46000,1,Petrol,1,0,Hatchback,White,660,1,1,1,1,0,0,1,0,0,1,1,1,1,1,1,0,0,0,1,0,0
Mitsubishi EK Custom T  ,1500000,2014,46000,1,Petrol,1,0,Hatchback,Red,660,1,1,1,1,0,0,1,0,0,1,1,1,1,1,1,0,0,0,1,0,0
Mitsubishi EK Space Custom  ,1700000,2016,18000,0,Petrol,1,1,,Blue,660,1,1,1,1,0,0,1,0,0,1,1,1,1,1,1,0,0,0,1,0,0
Mitsubishi EK Space Custom  ,1585000,2016,33000,0,Petrol,1,1,,Brown,660,1,1,1,1,0,0,0,0,0,1,1,1,1,1,1,0,0,0,1,0,0
Mitsubishi EK Space Custom  ,1525000,2016,33300,0,Petrol,1,1,,Maroon,660,1,1,1,1,0,0,0,0,0,1,1,1,1,1,1,0,0,0,1,0,0
Mitsubishi EK Space Custom  ,1500000,2016,13000,1,Petrol,1,1,,Blue,660,1,1,1,1,0,0,0,0,0,1,0,1,1,1,1,0,0,0,1,0,0
Mitsubishi EK Space Custom  ,1450000,2014,35000,1,Petrol,1,1,,Gold,660,1,1,1,1,0,0,0,0,0,1,1,1,1,1,1,0,0,0,1,0,0
Mitsubishi EK Space Custom  ,1450000,2014,45000,1,Petrol,1,1,,White,660,,0,0,0,0,0,0,0,0,0,0,0,0,0,0,0,0,0,0,0,0
Mitsubishi EK Space Custom  ,1400000,2014,68000,0,Petrol,1,1,,White,660,1,1,1,1,0,0,0,0,0,1,0,1,1,1,1,0,0,0,1,0,0
Mitsubishi EK Space Custom  ,1360000,2014,50000,1,Petrol,1,1,,White,660,1,1,1,1,0,0,0,0,0,1,1,1,1,1,1,0,0,0,1,0,0
Mitsubishi EK Space Custom  ,1330000,2014,51000,1,Petrol,1,1,,Silver,660,1,1,1,1,1,0,0,0,0,1,1,1,1,1,1,1,1,0,2,0,0
Mitsubishi EK Space Custom  ,1295000,2015,25100,1,Petrol,1,1,,White,660,1,1,1,1,0,0,0,0,0,1,0,1,1,1,1,0,0,0,1,0,0
Mitsubishi EK Space Custom  ,1230000,2015,47000,1,Petrol,1,1,,Silver,660,1,1,1,0,0,0,0,0,0,1,1,1,1,1,1,0,0,0,1,0,0
Mitsubishi Ek Sport  ,1175000,2010,66000,1,Petrol,1,1,,Black,660,,0,0,0,0,0,0,0,0,0,0,0,0,0,0,0,0,0,0,0,0
Mitsubishi Ek Sport  ,1045000,2011,155000,1,Petrol,1,1,,Red,660,1,1,1,1,0,0,0,0,0,0,0,1,1,1,1,0,0,0,1,0,0
Mitsubishi Ek Sport  ,945000,2008,105000,1,Petrol,1,1,,Red,660,1,1,1,0,0,0,0,0,0,1,0,1,1,1,1,0,0,0,1,0,0
Mitsubishi Ek Sport  ,895000,2007,140000,1,Petrol,1,1,,Black,660,1,1,1,1,0,0,0,0,0,1,0,1,1,1,1,0,0,0,1,0,0
Mitsubishi Ek Sport  ,750000,2007,169000,1,Petrol,1,1,,Black,660,1,0,0,0,0,0,0,0,0,0,0,0,0,0,0,0,0,0,0,0,0
Mitsubishi Ek Wagon  ,1725000,2017,13637,0,Petrol,1,1,,Black,660,1,1,1,1,0,0,0,0,0,0,0,1,1,1,1,0,0,0,1,0,0
Mitsubishi Ek Wagon  ,1675000,2017,49000,0,Petrol,1,1,,Black,660,1,1,1,1,0,1,1,0,0,1,1,1,1,1,1,0,0,0,1,0,0
Mitsubishi Ek Wagon  ,1635000,2017,18000,1,Petrol,1,1,,White,660,1,1,1,0,0,0,0,0,0,0,0,0,1,1,1,0,0,0,1,0,0
Mitsubishi Ek Wagon  ,1625000,2017,26000,0,Petrol,1,1,,White,660,1,1,1,0,0,0,0,0,0,0,1,1,1,1,1,0,0,0,1,0,0
Mitsubishi Ek Wagon  ,1550000,2013,77000,1,Petrol,1,1,,Red,660,1,1,1,1,0,0,0,0,0,1,1,1,1,1,1,0,0,0,1,0,0
Mitsubishi Ek Wagon  ,1550000,2017,30000,1,Petrol,1,1,,Red,660,,0,0,0,0,0,0,0,0,0,0,0,0,0,0,0,0,0,0,0,0
Mitsubishi Ek Wagon  ,1529000,2015,95000,1,Petrol,1,1,,White,660,1,1,1,0,0,0,0,0,0,1,0,1,1,1,1,0,0,0,1,0,0
Mitsubishi Ek Wagon  ,1525000,2015,45000,1,Petrol,1,1,,Silver,660,1,1,1,1,0,0,0,0,0,1,0,0,1,1,1,0,0,0,1,0,0
Mitsubishi Ek Wagon  ,1510000,2016,20000,0,Petrol,1,1,,Turquoise,660,1,1,1,0,0,0,0,0,0,1,1,1,1,1,1,0,0,0,1,0,0
Mitsubishi Ek Wagon  ,1480000,2015,54000,1,Petrol,1,1,,Black,660,,0,0,0,0,0,0,0,0,0,0,0,0,0,0,0,0,0,0,0,0
Mitsubishi Ek Wagon  ,1475000,2016,19300,0,Petrol,1,1,,Black,660,,0,0,0,0,0,0,0,0,0,0,0,0,0,0,0,0,0,0,0,0
Mitsubishi Ek Wagon  ,1465000,2019,63000,1,Petrol,1,1,,Black,660,1,1,1,1,0,0,0,0,0,1,1,1,1,1,1,0,0,0,1,0,0
Mitsubishi Ek Wagon  ,1465000,2016,83000,1,Petrol,1,1,,Black,660,,0,0,0,0,0,0,0,0,0,0,0,0,0,0,0,0,0,0,0,0
Mitsubishi Ek Wagon  ,1415000,2015,70000,1,Petrol,1,1,,Silver,660,1,1,1,0,0,0,0,0,0,0,0,1,1,1,1,0,0,0,1,0,0
Mitsubishi Ek Wagon  ,1400000,2014,40000,1,Petrol,1,1,,Silver,660,0,1,1,0,0,0,0,0,0,0,0,0,0,0,0,0,0,0,1,0,0
Mitsubishi Ek Wagon  ,1400000,2015,45000,1,Petrol,1,1,,Black,660,,0,0,0,0,0,0,0,0,0,0,0,0,0,0,0,0,0,0,0,0
Mitsubishi Ek Wagon  ,1385000,2015,44900,1,Petrol,1,1,,White,660,1,1,1,1,0,0,0,0,0,0,0,1,1,1,1,0,0,0,1,0,0
Mitsubishi Ek Wagon  ,1375000,2013,36600,1,Petrol,1,1,,Silver,660,,0,0,0,0,0,0,0,0,0,0,0,0,0,0,0,0,0,0,0,0
Mitsubishi Ek Wagon  ,1350000,2013,88000,1,Petrol,1,1,,White,660,,0,0,0,0,0,0,0,0,0,0,0,0,0,0,0,0,0,0,0,0
Mitsubishi Ek Wagon  ,1350000,2013,8500,1,Petrol,1,1,,White,660,,0,0,0,0,0,0,0,0,0,0,0,0,0,0,0,0,0,0,0,0
Mitsubishi Ek Wagon  ,1350000,2014,52000,1,Petrol,1,1,,Black,660,,0,0,0,0,0,0,0,0,0,0,0,0,0,0,0,0,0,0,0,0
Mitsubishi Ek Wagon  ,1350000,2014,50000,1,Petrol,1,1,,Black,660,,0,0,0,0,0,0,0,0,0,0,0,0,0,0,0,0,0,0,0,0
Mitsubishi Ek Wagon  ,1320000,2013,52000,1,Petrol,1,1,,Maroon,660,1,1,1,1,0,0,0,0,0,1,1,1,1,1,1,0,0,0,1,0,0
Mitsubishi Ek Wagon  ,1320000,2013,52000,1,Petrol,1,1,,Assembly,660,1,1,1,1,0,0,0,0,0,0,0,1,1,1,1,0,0,0,1,0,0
Mitsubishi Ek Wagon  ,1300000,2014,110000,1,Petrol,1,1,,Silver,660,1,1,1,0,0,0,0,0,0,0,1,0,1,1,1,0,0,0,1,0,0
Mitsubishi Ek Wagon  ,1300000,2014,110000,1,Petrol,1,1,,Silver,660,0,1,1,0,0,0,0,0,0,0,1,1,1,1,1,0,0,0,1,0,0
Mitsubishi Ek Wagon  ,1300000,2013,83000,1,Petrol,1,1,,White,660,0,1,1,1,0,0,0,0,0,0,0,1,1,1,1,0,0,0,1,0,0
Mitsubishi Ek Wagon  ,1290000,2011,106000,1,Petrol,1,1,,White,660,,0,0,0,0,0,0,0,0,0,0,0,0,0,0,0,0,0,0,0,0
Mitsubishi Ek Wagon  ,1280000,2014,55000,1,Petrol,1,1,,Black,660,1,1,1,1,0,0,0,0,0,1,0,1,1,1,1,0,0,0,1,0,0
Mitsubishi Ek Wagon  ,1265000,2013,80000,1,Petrol,1,1,,Assembly,660,1,1,1,0,0,0,0,0,0,0,0,1,1,1,1,0,0,0,1,0,0
Mitsubishi Ek Wagon  ,1265000,2014,52000,1,Petrol,1,1,,White,660,,0,0,0,0,0,0,0,0,0,0,0,0,0,0,0,0,0,0,0,0
Mitsubishi Ek Wagon  ,1250000,2013,120000,1,Petrol,1,1,,Black,660,1,1,1,0,0,0,0,0,0,0,0,1,1,1,1,0,0,0,1,0,0
Mitsubishi Ek Wagon  ,1250000,2011,64000,1,Petrol,1,1,,Black,660,1,1,1,1,0,0,0,0,0,1,0,1,1,1,1,0,0,0,1,0,0
Mitsubishi Ek Wagon  ,1245000,2014,100000,1,Petrol,1,1,,White,660,,0,0,0,0,0,0,0,0,0,0,0,0,0,0,0,0,0,0,0,0
Mitsubishi Ek Wagon  ,1235000,2014,76500,1,Petrol,1,1,,Black,660,0,0,1,0,1,0,0,0,1,1,0,1,1,1,1,1,0,1,1,0,0
Mitsubishi Ek Wagon  ,1225000,2013,75000,1,Petrol,1,1,,Black,660,1,1,1,0,1,0,0,0,0,0,1,1,1,1,1,0,1,0,1,0,0
Mitsubishi Ek Wagon  ,1220000,2011,103000,1,Petrol,1,1,,Navy,660,1,1,1,0,0,0,0,0,0,1,0,1,1,1,1,0,0,0,1,0,0
Mitsubishi Ek Wagon  ,1210000,1993,194550,1,Diesel,0,1,,Green,2500,0,0,0,1,0,0,0,0,0,0,0,1,1,1,0,0,0,0,0,0,1
Mitsubishi Ek Wagon  ,1200000,2014,52000,1,Petrol,1,1,,Black,660,1,1,1,0,0,0,0,0,0,0,1,1,1,1,1,0,0,0,1,0,0
Mitsubishi Ek Wagon  ,1200000,2008,75000,1,Petrol,1,1,,White,660,1,1,1,1,0,0,0,0,0,1,0,1,1,1,1,0,0,0,1,0,0
Mitsubishi Ek Wagon  ,1200000,2013,110000,1,Petrol,1,1,,Silver,660,1,1,1,1,0,0,0,0,0,0,0,1,1,1,1,0,0,0,1,0,0
Mitsubishi Ek Wagon  ,1180000,2015,36496,1,Petrol,1,1,,Silver,660,,0,0,0,0,0,0,0,0,0,0,0,0,0,0,0,0,0,0,0,0
Mitsubishi Ek Wagon  ,1160000,2012,106110,1,Petrol,1,1,,White,660,,0,0,0,0,0,0,0,0,0,0,0,0,0,0,0,0,0,0,0,0
Mitsubishi Ek Wagon  ,1150000,2011,172000,1,Petrol,1,1,,Black,660,1,1,1,0,0,0,0,0,0,0,1,1,1,1,1,0,0,0,1,0,0
Mitsubishi Ek Wagon  ,1150000,2016,49000,1,Petrol,1,1,,Black,660,0,1,1,0,0,0,0,0,0,1,1,1,1,1,1,0,0,0,1,0,0
Mitsubishi Ek Wagon  ,1125000,2013,70000,1,Petrol,1,1,,Maroon,660,,0,0,0,0,0,0,0,0,0,0,0,0,0,0,0,0,0,0,0,0
Mitsubishi Ek Wagon  ,1100000,2008,75000,1,Petrol,1,1,,White,660,1,1,1,1,0,0,0,0,0,1,0,1,1,1,1,0,0,0,1,0,0
Mitsubishi Ek Wagon  ,1085000,2011,136000,1,Petrol,1,1,,Yellow,660,0,1,1,1,0,0,0,0,0,0,0,1,1,1,1,0,0,0,1,0,0
Mitsubishi Ek Wagon  ,1080000,2013,75000,1,Petrol,1,1,,Maroon,660,1,0,1,0,0,0,0,0,0,0,1,1,1,1,1,0,0,0,1,0,0
Mitsubishi Ek Wagon  ,1075000,2014,109500,1,Petrol,1,1,,Beige,660,0,1,1,1,0,0,0,0,0,0,0,0,1,1,1,0,0,0,1,0,0
Mitsubishi Ek Wagon  ,1075000,2011,126000,1,Petrol,1,1,,Silver,660,1,1,1,1,0,0,0,0,0,1,0,1,1,1,1,0,0,0,1,0,0
Mitsubishi Ek Wagon  ,1070000,2012,59000,1,Petrol,1,1,,Beige,660,,0,0,0,0,0,0,0,0,0,0,0,0,0,0,0,0,0,0,0,0
Mitsubishi Ek Wagon  ,1050000,2007,68000,1,Petrol,1,1,,Blue,660,0,1,1,1,0,0,0,0,0,0,0,1,1,1,1,0,0,0,1,0,0
Mitsubishi Ek Wagon  ,1025000,2007,125000,1,Petrol,1,1,,Blue,660,,0,0,0,0,0,0,0,0,0,0,0,0,0,0,0,0,0,0,0,0
Mitsubishi Ek Wagon  ,1020000,2008,190000,1,Petrol,1,1,,White,660,1,1,0,0,0,0,0,0,0,0,0,1,1,1,1,0,0,0,0,0,0
Mitsubishi Ek Wagon  ,1000000,2011,127000,1,Petrol,1,1,,Silver,660,1,1,1,1,0,0,0,0,0,1,1,1,1,1,1,0,0,0,1,0,0
Mitsubishi Ek Wagon  ,965000,2007,80000,1,Petrol,1,1,,White,660,0,1,1,0,0,0,0,0,0,0,0,1,1,1,1,0,0,0,1,0,0
Mitsubishi Ek Wagon  ,900000,2009,111111,1,Petrol,1,1,,Black,660,,0,0,0,0,0,0,0,0,0,0,0,0,0,0,0,0,0,0,0,0
Mitsubishi Ek Wagon  ,900000,2007,76000,1,Petrol,1,1,,White,660,,0,0,0,0,0,0,0,0,0,0,0,0,0,0,0,0,0,0,0,0
Mitsubishi Ek Wagon  ,890000,2007,124000,1,Petrol,1,1,,Blue,660,0,0,1,1,0,0,0,0,0,0,0,1,0,1,1,0,0,0,1,0,0
Mitsubishi Ek Wagon  ,840000,2007,100000,1,Petrol,1,1,,Blue,660,1,1,1,0,0,0,0,0,0,0,0,1,0,1,1,0,0,0,1,0,0
Mitsubishi Ek Wagon  ,810000,2008,115000,1,Petrol,0,1,,Silver,660,,0,0,0,0,0,0,0,0,0,0,0,0,0,0,0,0,0,0,0,0
Mitsubishi Ek Wagon E  ,1950000,2016,30000,0,Petrol,1,1,Hatchback,Red,660,1,1,1,1,0,0,0,0,0,1,1,1,1,1,1,0,0,0,1,0,0
Mitsubishi Ek Wagon E  ,1750000,2017,16000,0,Petrol,1,1,Hatchback,Silver,660,1,1,1,0,0,0,0,0,0,1,0,1,1,1,1,0,0,0,1,0,0
Mitsubishi Ek Wagon E  ,1700000,2017,2600,0,Petrol,1,1,Hatchback,Black,660,1,1,1,0,0,0,0,0,0,1,1,1,1,1,1,0,0,0,1,0,0
Mitsubishi Ek Wagon E  ,1700000,2017,45000,1,Petrol,1,1,Hatchback,White,660,1,1,1,0,0,0,0,0,0,1,0,1,1,1,1,0,0,0,1,0,0
Mitsubishi Ek Wagon E  ,1700000,2017,33000,0,Petrol,1,1,Hatchback,White,660,1,1,1,0,0,0,0,0,0,1,0,1,1,1,1,0,0,0,1,0,0
Mitsubishi Ek Wagon E  ,1650000,2017,85000,0,Petrol,1,1,Hatchback,Silver,660,1,1,1,0,0,0,0,0,0,1,0,1,1,1,1,0,0,0,1,0,0
Mitsubishi Ek Wagon E  ,1600000,2018,8105,0,Petrol,1,1,Hatchback,Red,660,1,1,1,0,0,0,0,0,0,1,0,1,1,1,1,0,0,0,1,0,0
Mitsubishi Ek Wagon E  ,1550000,2017,55000,1,Petrol,1,1,Hatchback,Black,660,,0,0,0,0,0,0,0,0,0,0,0,0,0,0,0,0,0,0,0,0
Mitsubishi Ek Wagon E  ,1500000,2016,323383,0,Petrol,1,1,Hatchback,Red,660,1,1,1,0,0,0,0,0,0,1,0,1,1,1,1,0,0,0,1,0,0
Mitsubishi Ek Wagon E  ,1500000,2015,57000,1,Petrol,1,1,Hatchback,Black,660,1,1,1,1,0,0,0,0,0,0,0,1,1,1,1,0,0,0,1,0,0
Mitsubishi Ek Wagon E  ,1499000,2017,52000,0,Petrol,1,1,Hatchback,Silver,660,1,1,1,0,0,0,0,0,0,1,0,1,1,1,1,0,0,0,1,0,0
Mitsubishi Ek Wagon E  ,1450000,2016,48000,1,Petrol,1,1,Hatchback,Silver,660,1,1,1,0,0,0,0,0,0,1,0,1,1,1,1,0,0,0,1,0,0
Mitsubishi Ek Wagon E  ,1420000,2014,89000,1,Petrol,1,1,Hatchback,Silver,660,1,1,1,0,0,0,0,0,0,1,0,1,1,1,1,0,0,0,1,0,0
Mitsubishi Ek Wagon E  ,1400000,2016,40000,1,Petrol,1,1,Hatchback,Assembly,660,1,1,1,0,0,0,0,0,0,1,0,1,1,1,1,0,0,0,1,0,0
Mitsubishi Ek Wagon E  ,1400000,2015,74000,1,Petrol,1,1,Hatchback,White,660,1,1,1,1,0,0,0,0,0,1,0,1,1,1,1,0,1,0,1,0,0
Mitsubishi Ek Wagon E  ,1390000,2017,96000,1,Petrol,1,1,Hatchback,Silver,660,1,1,1,0,0,0,0,0,0,1,0,1,1,1,1,0,0,0,1,0,0
Mitsubishi Ek Wagon E  ,1350000,2014,65000,1,Petrol,1,1,Hatchback,Assembly,660,1,1,1,1,0,0,0,0,0,1,1,1,1,1,1,0,0,0,1,0,0
Mitsubishi Ek Wagon E  ,1310000,2016,84000,1,Petrol,1,1,Hatchback,Black,660,1,1,1,0,0,0,0,0,0,1,0,1,1,1,1,0,0,0,1,0,0
Mitsubishi Ek Wagon E  ,1265000,2014,54000,1,Petrol,1,1,Hatchback,White,660,1,1,1,0,0,0,0,0,0,1,0,1,1,1,1,0,0,0,1,0,0
Mitsubishi Ek Wagon E  ,1260000,2014,52000,1,Petrol,1,1,Hatchback,White,660,1,1,1,0,0,0,0,0,0,1,0,1,1,1,1,0,0,0,1,0,0
Mitsubishi Ek Wagon E  ,1250000,2013,100000,1,Petrol,1,1,Hatchback,Silver,660,1,0,1,1,0,0,0,0,0,0,0,1,1,1,1,0,0,0,1,0,0
Mitsubishi Ek Wagon E  ,1050000,2014,30000,1,Petrol,1,1,Hatchback,Black,660,1,1,1,0,0,0,0,0,0,1,0,1,1,1,1,0,0,0,1,0,0
Mitsubishi Ek Wagon E  ,1000000,2014,99000,1,Petrol,1,1,Hatchback,Silver,660,1,1,1,1,0,0,0,0,0,1,0,1,1,1,1,0,0,0,1,0,0
Mitsubishi Ek Wagon G  ,1790000,2016,22895,0,Petrol,1,1,Hatchback,Red,660,1,1,1,1,0,0,0,0,0,1,0,1,1,1,1,0,0,0,1,0,0
Mitsubishi Ek Wagon G  ,1735000,2016,15000,0,Petrol,1,1,Hatchback,Silver,660,1,1,1,1,0,0,0,0,0,1,0,1,1,1,1,0,0,0,1,0,0
Mitsubishi Ek Wagon G  ,1735000,2016,14000,0,Petrol,1,1,Hatchback,Silver,660,1,1,1,0,0,0,0,0,0,1,0,1,1,1,1,0,0,0,1,0,0
Mitsubishi Ek Wagon G  ,1700000,2016,16800,0,Petrol,1,1,Hatchback,Assembly,660,1,1,1,1,0,0,0,0,0,1,0,1,1,1,1,0,0,0,1,0,0
Mitsubishi Ek Wagon G  ,1650000,2017,40000,1,Petrol,1,1,Hatchback,Silver,660,1,1,1,1,0,0,0,0,0,1,0,1,1,1,1,0,0,0,1,0,0
Mitsubishi Ek Wagon G  ,1650000,2016,12500,0,Petrol,1,1,Hatchback,Maroon,660,1,1,1,1,0,0,0,0,0,1,0,1,1,1,1,0,0,0,1,0,0
Mitsubishi Ek Wagon G  ,1490000,2014,28000,1,Petrol,1,1,Hatchback,Black,660,1,1,1,1,0,0,0,0,0,1,1,1,1,1,1,0,1,0,1,1,0
Mitsubishi Ek Wagon G  ,1475000,2014,45000,1,Petrol,1,1,Hatchback,Silver,660,1,1,1,1,0,0,0,0,0,1,0,1,1,1,1,0,0,0,1,0,0
Mitsubishi Ek Wagon G  ,1475000,2014,62000,1,Petrol,1,1,Hatchback,Silver,660,1,1,1,1,0,0,0,0,0,1,1,1,1,1,1,0,0,0,1,0,0
Mitsubishi Ek Wagon G  ,1450000,2015,35000,1,Petrol,1,1,Hatchback,Silver,660,1,1,1,1,0,0,0,0,0,1,0,1,1,1,1,0,0,0,1,0,0
Mitsubishi Ek Wagon G  ,1425000,2014,65000,1,Petrol,1,1,Hatchback,Silver,660,1,1,1,1,0,0,0,0,0,1,0,1,1,1,1,0,0,0,1,0,0
Mitsubishi Ek Wagon G  ,1375000,2014,88000,1,Petrol,1,1,Hatchback,Silver,660,1,1,1,0,0,0,0,0,0,1,1,1,1,1,1,0,0,0,1,0,0
Mitsubishi Ek Wagon G  ,1350000,2013,71000,1,Petrol,1,1,Hatchback,White,660,1,1,1,0,0,0,0,0,0,0,0,1,1,1,1,0,0,0,1,0,0
Mitsubishi Ek Wagon G  ,1350000,2016,48000,1,Petrol,1,1,Hatchback,Silver,660,1,1,1,1,0,0,0,0,0,1,0,1,1,1,1,0,0,0,1,0,0
Mitsubishi Ek Wagon G  ,1350000,2013,65000,1,Petrol,1,1,Hatchback,Maroon,660,1,1,1,1,0,0,0,0,0,1,0,1,1,1,1,0,0,0,1,0,0
Mitsubishi Ek Wagon G  ,1345000,2015,38000,1,Petrol,1,1,Hatchback,Black,660,1,1,1,1,0,0,0,0,0,1,0,1,1,1,1,0,0,0,1,0,0
Mitsubishi Ek Wagon G  ,1340000,2016,58000,1,Petrol,1,1,Hatchback,White,660,1,1,1,1,0,0,0,0,0,0,0,1,1,1,1,0,0,0,1,0,0
Mitsubishi Ek Wagon G  ,1325000,2017,59000,1,Petrol,1,1,Hatchback,Silver,660,1,1,1,1,0,0,0,0,0,1,0,1,1,1,1,0,0,0,1,0,0
Mitsubishi Ek Wagon G  ,1300000,2013,107000,1,Petrol,1,1,Hatchback,White,660,,0,0,0,0,0,0,0,0,0,0,0,0,0,0,0,0,0,0,0,0
Mitsubishi Ek Wagon G  ,1299000,2014,66000,1,Petrol,1,1,Hatchback,Pink,660,1,1,1,1,0,0,0,0,0,1,0,1,1,1,1,0,0,0,1,0,0
Mitsubishi Ek Wagon G  ,1290000,2013,48000,1,Petrol,1,1,Hatchback,Pink,660,1,1,1,0,0,0,0,0,0,1,0,1,1,1,1,0,0,0,1,0,0
Mitsubishi Ek Wagon G  ,1280000,2014,103000,1,Petrol,1,1,Hatchback,Silver,660,0,1,1,0,0,0,0,0,0,0,0,1,1,1,1,0,0,0,1,0,0
Mitsubishi Ek Wagon G  ,1255000,2011,172000,1,Petrol,1,1,Hatchback,Black,660,1,1,1,1,0,0,0,0,0,1,0,1,1,1,1,0,0,0,1,0,0
Mitsubishi Ek Wagon G  ,1250000,2013,71000,1,Petrol,1,1,Hatchback,Pink,660,1,1,1,1,0,0,0,0,0,1,0,1,1,1,1,0,0,0,1,0,0
Mitsubishi Ek Wagon G  ,1250000,2012,84000,1,Petrol,1,1,Hatchback,White,660,1,1,1,0,0,0,0,0,0,0,1,1,1,1,1,0,0,0,1,0,0
Mitsubishi Ek Wagon G  ,1249000,2013,79000,1,Petrol,1,1,Hatchback,White,660,1,1,1,1,0,1,0,0,0,1,0,1,1,1,1,0,0,0,1,0,0
Mitsubishi Ek Wagon G  ,1230000,2013,92500,1,Petrol,1,1,Hatchback,Pink,660,1,1,1,1,0,0,0,0,0,1,0,1,1,1,1,0,0,0,1,0,0
Mitsubishi Ek Wagon G  ,1225000,2013,110000,1,Petrol,1,1,Hatchback,White,660,1,1,1,1,0,0,0,0,0,1,0,1,1,1,1,0,0,0,1,0,0
Mitsubishi Ek Wagon G  ,1220000,2011,94874,1,Petrol,1,1,Hatchback,Silver,660,1,1,1,1,0,0,0,0,0,1,0,1,1,1,1,0,0,0,1,0,0
Mitsubishi Ek Wagon G  ,1190000,2012,62000,1,Petrol,1,1,Hatchback,White,660,1,1,1,1,0,0,0,0,0,1,0,1,1,1,1,0,0,0,1,0,0
Mitsubishi Ek Wagon G  ,1180000,2013,68000,1,Petrol,1,1,Hatchback,Silver,660,1,1,1,1,0,0,0,0,0,1,0,1,1,1,1,0,0,0,1,0,0
Mitsubishi Ek Wagon G  ,1165000,2011,75000,1,Petrol,1,1,Hatchback,Silver,660,1,1,1,0,0,0,0,0,0,0,0,1,1,1,1,0,0,0,1,0,0
Mitsubishi Ek Wagon G  ,1110000,2010,88000,1,Petrol,1,1,Hatchback,Silver,660,1,1,1,0,0,0,0,0,0,0,0,1,1,1,1,0,0,0,1,0,0
Mitsubishi Ek Wagon G  ,1050000,2008,134000,1,Petrol,1,1,Hatchback,White,660,1,1,1,1,0,0,0,0,0,1,1,1,1,1,1,0,0,0,1,0,0
Mitsubishi Ek Wagon G  ,1049000,2010,88500,1,Petrol,1,1,Hatchback,Silver,660,1,1,1,1,0,0,0,0,0,1,0,1,1,1,1,0,0,0,1,0,0
Mitsubishi Ek Wagon G  ,1020000,2008,55000,1,Petrol,1,1,Hatchback,Silver,660,1,1,1,1,0,0,0,0,0,1,0,1,1,1,1,0,0,0,1,0,0
Mitsubishi Ek Wagon G  ,1010000,2012,130000,1,Petrol,1,1,Hatchback,Pink,660,1,1,1,1,0,0,0,0,0,1,0,1,1,1,1,0,0,0,1,0,0
Mitsubishi Ek Wagon G  ,1000000,2011,82000,1,Petrol,1,1,Hatchback,Black,660,1,1,1,1,0,0,0,0,0,1,0,1,1,1,1,0,0,0,1,0,0
Mitsubishi Ek Wagon G  ,1000000,2007,103000,1,Petrol,1,1,Hatchback,Silver,660,1,1,1,0,0,0,0,0,0,0,0,1,1,1,1,0,0,0,1,0,0
Mitsubishi Ek Wagon G  ,980000,2007,135000,1,Petrol,1,1,Hatchback,Beige,660,1,1,1,1,0,0,0,0,0,1,0,1,1,1,1,0,0,0,1,0,0
Mitsubishi Ek Wagon G  ,980000,2013,136000,1,Petrol,1,1,Hatchback,Beige,660,1,1,1,1,0,0,0,0,0,1,0,1,1,1,1,0,0,0,1,0,0
Mitsubishi Ek Wagon G  ,951000,2008,131500,1,Petrol,1,1,Hatchback,Blue,660,1,1,1,1,0,0,0,0,0,1,0,1,1,1,1,0,0,0,1,0,0
Mitsubishi Ek Wagon G  ,950000,2007,72000,1,Petrol,1,1,Hatchback,Blue,660,1,1,1,1,0,0,0,0,0,1,0,1,1,1,1,0,0,0,1,0,0
Mitsubishi Ek Wagon G  ,950000,2013,123456,1,Petrol,1,1,Hatchback,Blue,660,0,1,1,1,0,0,0,0,0,1,0,1,1,1,1,0,0,0,1,0,0
Mitsubishi Ek Wagon G  ,950000,2008,75000,1,Petrol,1,1,Hatchback,Blue,660,0,0,1,0,0,0,0,0,0,1,0,1,1,1,1,0,0,0,1,0,0
Mitsubishi Ek Wagon G  ,925000,2007,97000,1,Petrol,1,1,Hatchback,Blue,660,1,1,1,1,0,0,0,0,0,1,0,1,1,1,1,0,0,0,1,0,0
Mitsubishi Ek Wagon G  ,925000,2007,98000,1,Petrol,1,1,Hatchback,Blue,660,1,1,1,1,0,0,0,0,0,1,0,1,1,1,1,0,0,0,1,0,0
Mitsubishi Ek Wagon G  ,895000,2005,84568,1,Petrol,1,1,Hatchback,Blue,660,1,1,1,1,0,0,0,0,0,1,0,1,1,1,1,0,0,0,1,0,0
Mitsubishi Ek Wagon G  ,850000,2007,123450,1,Petrol,1,1,Hatchback,Black,660,1,1,1,1,0,0,0,0,0,0,0,1,1,1,1,0,0,0,1,0,0
Mitsubishi Ek Wagon G  ,815000,2006,219548,1,Petrol,1,1,Hatchback,White,660,1,1,1,1,0,0,0,0,0,1,0,1,1,1,1,0,0,0,1,0,0
Mitsubishi Ek Wagon G Safety Package  ,1880000,2019,4000,0,Petrol,1,1,Hatchback,Silver,660,1,1,1,1,0,0,0,0,0,1,1,1,1,1,1,0,0,0,1,0,0
Mitsubishi Ek Wagon G Safety Package  ,1445000,2014,45900,1,Petrol,1,1,Hatchback,White,660,1,1,1,1,0,0,0,0,0,1,0,1,1,1,1,0,0,0,1,0,0
Mitsubishi Ek Wagon G Safety Package  ,1390000,2014,70000,1,Petrol,1,1,Hatchback,Silver,660,1,1,1,1,0,0,0,0,0,1,0,1,1,1,1,0,0,0,1,0,0
Mitsubishi Ek Wagon G Safety Package  ,1380000,2014,105000,1,Petrol,1,1,Hatchback,Black,660,1,1,1,1,0,0,0,0,0,1,0,1,1,1,1,0,0,0,1,0,0
Mitsubishi Ek Wagon G Safety Package  ,1235000,2013,84000,1,Petrol,1,1,Hatchback,Black,660,1,1,1,1,1,0,0,0,0,1,0,1,1,1,1,0,1,0,1,0,0
Mitsubishi Ek Wagon G Safety Package  ,1170000,2016,53431,1,Petrol,1,1,Hatchback,Yellow,660,1,1,1,1,0,0,0,0,0,1,0,1,1,1,1,0,0,0,1,0,0
Mitsubishi Ek Wagon G Safety Plus Edition  ,1750000,2017,42000,0,Petrol,1,1,Hatchback,White,660,1,1,1,0,0,0,0,0,0,0,0,1,1,1,1,0,0,0,1,0,0
Mitsubishi Ek Wagon G Safety Plus Edition  ,1735000,2016,21000,0,Petrol,1,1,Hatchback,Black,660,1,1,1,1,0,0,0,0,0,1,1,1,1,1,1,0,0,0,1,0,0
Mitsubishi Ek Wagon G Safety Plus Edition  ,1700000,2018,2300,1,Petrol,1,1,Hatchback,Assembly,660,1,1,1,1,0,0,0,0,0,1,0,1,1,1,1,0,0,0,1,0,0
Mitsubishi Ek Wagon G Safety Plus Edition  ,1650000,2018,52000,1,Petrol,1,1,Hatchback,Black,660,1,1,1,1,0,0,0,0,0,1,0,1,1,1,1,0,0,0,1,0,0
Mitsubishi Ek Wagon G Safety Plus Edition  ,1445000,2014,43000,1,Petrol,1,1,Hatchback,White,660,1,1,1,1,0,0,0,0,0,1,0,1,1,1,1,0,0,0,1,0,0
Mitsubishi Ek Wagon G Safety Plus Edition  ,1440000,2014,61000,1,Petrol,1,1,Hatchback,Silver,660,1,1,1,1,0,0,0,0,0,1,0,1,1,1,1,0,0,0,1,0,0
Mitsubishi Ek Wagon G Safety Plus Edition  ,1350000,2013,108000,1,Petrol,1,1,Hatchback,Red,660,1,1,1,1,0,0,0,0,0,1,0,1,1,1,1,0,0,0,1,0,0
Mitsubishi Ek Wagon G Safety Plus Edition  ,1350000,2014,57000,1,Petrol,1,1,Hatchback,Assembly,660,1,1,1,0,0,0,0,0,0,1,0,1,1,1,1,0,0,0,1,0,0
Mitsubishi Ek Wagon G Safety Plus Edition  ,1345000,2014,69000,1,Petrol,1,1,Hatchback,Navy,660,1,1,1,1,0,0,0,0,0,1,1,1,1,1,1,0,0,0,1,0,0
Mitsubishi Ek Wagon G Safety Plus Edition  ,1300000,2013,73000,1,Petrol,1,1,Hatchback,Silver,660,1,1,1,1,0,1,0,0,0,1,0,1,1,1,1,0,0,0,1,0,0
Mitsubishi Ek Wagon G Safety Plus Edition  ,1280000,2014,54000,1,Petrol,1,1,Hatchback,Pink,660,1,1,1,1,0,0,0,0,0,1,0,1,1,1,1,0,0,0,1,0,0
Mitsubishi Ek Wagon G Safety Plus Edition  ,1170000,2016,53000,1,Petrol,1,1,Hatchback,Yellow,660,1,1,1,0,0,0,0,0,0,1,0,1,1,1,1,0,0,0,1,0,0
Mitsubishi Ek Wagon GS  ,1350000,2013,59000,1,Petrol,1,1,Hatchback,Silver,660,1,1,1,1,0,0,0,0,0,1,0,1,1,1,1,0,0,0,1,0,0
Mitsubishi Ek Wagon GS  ,1070000,2012,85000,1,Petrol,1,1,Hatchback,Black,660,1,1,1,1,0,0,0,0,0,1,0,1,1,1,1,0,0,0,1,0,0
Mitsubishi Ek Wagon GS  ,1060000,2011,54000,1,Petrol,1,1,Hatchback,Green,660,1,1,1,1,0,0,0,0,0,1,0,1,1,1,1,0,0,0,1,0,0
Mitsubishi Ek Wagon GS  ,1025000,2007,99000,1,Petrol,1,1,Hatchback,Blue,660,0,1,1,1,0,0,0,0,0,0,0,1,1,1,1,0,0,0,1,0,0
Mitsubishi Ek Wagon GS  ,925000,2012,99000,1,Petrol,1,1,Hatchback,Silver,660,1,1,1,1,0,0,0,0,0,1,0,1,1,1,1,0,0,0,1,0,0
Mitsubishi Ek Wagon GS  ,925000,2008,92000,1,Petrol,1,1,Hatchback,Grey,660,1,1,1,1,0,0,0,0,0,1,0,1,1,1,1,0,0,0,1,0,0
Mitsubishi Ek Wagon GS Marble Edition  ,1199000,2011,69000,1,Petrol,1,1,Hatchback,Beige,660,1,1,1,1,0,0,0,0,0,1,0,1,1,1,1,0,0,0,1,0,0
Mitsubishi Ek Wagon GS Marble Edition  ,1175000,2011,68000,1,Petrol,1,1,Hatchback,Beige,660,1,1,1,1,0,0,0,0,0,1,0,1,1,1,1,0,0,0,1,0,0
Mitsubishi Ek Wagon GS Marble Edition  ,1100000,2007,123456,1,Petrol,1,1,Hatchback,Blue,660,1,1,1,1,0,0,0,0,0,1,0,1,1,1,1,0,0,0,1,0,0
Mitsubishi Ek Wagon Limited  ,1215000,2012,62000,1,Petrol,1,1,Hatchback,Assembly,660,1,1,1,1,0,0,0,0,0,1,0,1,1,1,1,0,0,0,1,0,0
Mitsubishi Ek Wagon Limited  ,1195000,2012,70532,1,Petrol,1,1,Hatchback,Beige,660,1,1,1,1,0,0,0,0,0,1,0,1,1,1,1,0,0,0,1,0,0
Mitsubishi Ek Wagon Limited  ,1135000,2008,48000,1,Petrol,1,1,Hatchback,Pink,660,1,1,1,1,0,0,0,0,0,1,0,1,1,1,1,0,0,0,1,0,0
Mitsubishi Ek Wagon Limited  ,1080000,2012,55000,1,Petrol,1,1,Hatchback,Gold,660,1,1,1,1,0,0,0,0,0,1,0,1,1,1,1,0,0,0,1,0,0
Mitsubishi Ek Wagon Limited  ,1050000,2010,93000,1,Petrol,1,1,Hatchback,Black,660,,0,0,0,0,0,0,0,0,0,0,0,0,0,0,0,0,0,0,0,0
Mitsubishi Ek Wagon Limited  ,990000,2007,85000,1,Petrol,1,1,Hatchback,White,660,1,1,1,1,0,0,0,0,0,1,0,1,1,1,1,0,0,0,1,0,0
Mitsubishi Ek Wagon Limited  ,980000,2010,85000,1,Petrol,1,1,Hatchback,Black,660,1,1,1,1,0,0,0,0,0,1,0,1,1,1,1,0,0,0,1,0,0
Mitsubishi Ek Wagon Limited  ,970000,2011,176000,1,Petrol,1,1,Hatchback,Pink,660,1,1,1,0,0,0,0,0,0,1,0,1,1,1,1,0,0,0,1,0,0
Mitsubishi Ek Wagon Limited  ,950000,2007,120000,1,Petrol,1,1,Hatchback,Blue,660,1,1,1,1,0,0,0,0,0,1,0,1,1,1,1,0,0,0,1,0,0
Mitsubishi Ek Wagon Limited  ,700000,2013,86000,1,Petrol,1,1,Hatchback,Burgundy,660,1,1,1,1,0,0,0,0,0,1,0,1,1,1,1,0,0,0,1,0,0
Mitsubishi Ek Wagon M  ,1725000,2017,16520,0,Petrol,1,1,Hatchback,White,660,1,1,1,0,0,0,0,0,0,1,0,1,1,1,1,0,0,0,1,0,0
Mitsubishi Ek Wagon M  ,1395000,2014,43500,1,Petrol,1,1,Hatchback,Burgundy,660,1,1,1,0,0,0,0,0,0,1,0,1,1,1,1,0,0,0,1,0,0
Mitsubishi Ek Wagon M  ,1300000,2013,58000,1,Petrol,1,1,Hatchback,Silver,660,1,1,1,1,0,0,0,0,0,0,0,1,1,1,1,0,0,0,1,0,0
Mitsubishi Ek Wagon M  ,1300000,2016,61400,1,Petrol,1,1,Hatchback,Grey,660,1,1,1,0,0,0,0,0,0,1,0,1,1,1,1,0,0,0,1,0,0
Mitsubishi Ek Wagon M  ,1100000,2013,111000,1,Petrol,1,1,Hatchback,White,660,1,1,1,0,0,0,0,0,0,0,0,1,1,1,1,0,0,0,1,0,0
Mitsubishi Ek Wagon M e-Assist  ,1395000,2014,68000,1,Petrol,1,1,Hatchback,Silver,660,1,1,1,0,0,0,0,0,0,1,0,1,1,1,1,0,0,0,1,0,0
Mitsubishi Ek Wagon M e-Assist  ,700000,2017,20000,1,Petrol,1,1,Hatchback,White,660,1,1,1,0,0,0,0,0,0,1,0,1,1,1,1,0,0,0,1,0,0
Mitsubishi Ek Wagon M Navi Collection  ,1050000,2011,52000,1,Petrol,0,1,Hatchback,Beige,660,1,1,1,1,0,0,0,0,0,1,1,1,1,1,1,0,0,0,1,0,0
Mitsubishi Ek Wagon M Navi Collection  ,895000,2012,81000,1,Petrol,0,1,Hatchback,Silver,660,1,1,1,1,0,0,0,0,0,1,1,1,1,1,1,0,0,0,1,0,0
Mitsubishi Ek Wagon M Navi Collection  ,875000,2011,68000,1,Petrol,0,1,Hatchback,Blue,660,1,1,1,1,0,0,0,0,0,1,1,1,1,1,1,0,0,0,1,0,0
Mitsubishi Galant 1.6 GLX  ,500000,1992,435713,1,Petrol,0,0,Sedan,Black,1600,0,0,1,1,0,0,0,0,0,0,0,1,1,1,1,0,0,0,1,0,1
Mitsubishi Galant 1.6 GLX  ,430000,1992,298000,1,,0,1,Sedan,White,1600,0,0,1,1,0,0,0,0,0,0,0,1,1,1,1,0,0,0,1,0,1
Mitsubishi Galant 1.6 GLX  ,400000,1992,300000,1,Petrol,0,0,Sedan,White,1600,0,0,1,1,0,0,0,0,0,0,0,1,1,1,1,0,0,0,1,0,1
Mitsubishi Galant 1.6 GLX  ,350000,1990,120000,1,Petrol,0,0,Sedan,White,1600,0,0,1,1,0,0,0,0,0,0,0,1,1,1,1,0,0,0,1,0,1
Mitsubishi Galant 1.6 GLX  ,200000,1991,120000,1,Petrol,0,0,Sedan,White,1600,0,0,1,1,0,0,0,0,0,0,0,1,1,1,1,0,0,0,1,0,1
Mitsubishi Galant 1.8 VX  ,1200000,2005,200000,1,Petrol,0,1,Sedan,Grey,1500,1,1,1,1,0,0,0,0,0,1,0,1,1,1,1,0,0,0,1,0,1
Mitsubishi Galant 1.8 VX  ,875000,1999,100000,1,Petrol,0,0,Sedan,Beige,1800,1,1,1,1,0,0,0,0,0,1,0,1,1,1,1,0,0,0,1,0,1
Mitsubishi Galant 1.8 VX  ,480000,1998,115248,1,Petrol,0,1,Sedan,Brown,1800,1,1,1,1,0,0,0,0,0,1,0,1,1,1,1,0,0,0,1,0,1
Mitsubishi Galant 2.5 VR-4  ,1700000,2004,207500,1,Petrol,1,1,Sedan,White,2500,1,1,1,1,0,0,0,0,0,1,0,1,1,1,1,0,0,0,1,0,1
Mitsubishi Galant Base Grade 1.8  ,535000,1994,300000,1,Petrol,0,0,Sedan,Grey,1800,0,0,1,1,0,0,0,0,0,0,0,1,1,1,1,0,0,0,1,0,1
Mitsubishi Galant Base Grade 1.8  ,450000,1995,90000,1,Petrol,0,0,Sedan,Black,1800,0,0,1,1,0,0,0,0,0,1,0,1,1,1,1,0,0,0,1,0,1
Mitsubishi Galant Base Grade 1.8  ,430000,1992,298000,1,,0,1,Sedan,White,1600,0,0,1,1,0,0,0,0,0,1,0,1,1,1,1,0,0,0,1,0,1
Mitsubishi Galant Base Grade 1.8D  ,800000,1990,100000,1,Petrol,1,1,Sedan,White,2400,1,1,1,1,0,0,1,0,0,1,0,1,1,1,1,0,0,0,1,0,0
Mitsubishi Galant Base Grade 2.0D  ,800000,1996,160000,1,Petrol,1,1,Sedan,White,2000,0,0,1,1,0,0,0,0,0,1,0,1,1,1,1,0,0,0,1,0,1
Mitsubishi Hiace  ,3500000,2012,80000,1,Petrol,1,1,,White,2700,1,1,1,0,0,0,0,0,0,0,0,1,1,1,1,0,0,0,1,0,0
Mitsubishi Hiace  ,2500000,2013,95000,0,Petrol,1,1,,Silver,2000,,0,0,0,0,0,0,0,0,0,0,0,0,0,0,0,0,0,0,0,0
Mitsubishi Hiace  ,2350000,2008,99999,1,Petrol,1,1,,Black,2700,,0,0,0,0,0,0,0,0,0,0,0,0,0,0,0,0,0,0,0,0
Mitsubishi Hiace  ,1400000,2013,123456,1,Petrol,0,1,,White,2400,1,0,1,0,0,0,0,0,0,0,0,0,1,1,1,0,0,0,1,0,0
Mitsubishi Hiace  ,1165000,2008,111000,1,Petrol,0,1,,White,2400,,0,0,0,0,0,0,0,0,0,0,0,0,0,0,0,0,0,0,0,0
Mitsubishi Hiace  ,610000,1992,200000,1,Petrol,0,1,,Red,2600,0,0,0,0,0,0,0,0,0,0,0,0,0,1,0,0,0,0,0,0,0
Mitsubishi Hiace  ,435000,1993,225000,1,Petrol,0,1,,White,2400,0,0,0,0,0,0,0,0,0,1,0,0,0,0,0,0,0,0,0,0,0
Mitsubishi Lancer  ,1475000,2006,156000,1,Petrol,1,1,,White,1800,1,1,1,1,0,0,0,0,0,1,0,1,1,1,1,0,0,0,1,0,0
Mitsubishi Lancer  ,1350000,2008,86000,1,Petrol,0,1,,Black,1300,0,0,1,1,0,0,0,0,0,1,0,1,1,1,1,0,0,0,1,0,0
Mitsubishi Lancer  ,1320000,2006,133000,1,Petrol,1,1,,White,1500,1,1,1,1,0,0,0,0,0,0,0,1,1,1,1,0,0,0,1,0,0
Mitsubishi Lancer  ,1250000,2012,50000,1,Petrol,1,1,,White,1300,0,0,1,0,0,0,0,0,0,0,0,1,1,1,1,0,0,0,1,0,0
Mitsubishi Lancer  ,1200000,2006,170000,1,Petrol,1,1,,Silver,1500,1,1,1,1,0,0,0,0,0,0,0,1,1,1,1,0,0,0,1,0,0
Mitsubishi Lancer  ,1150000,2007,180000,1,Petrol,1,1,,Silver,1500,1,1,1,1,0,0,0,0,0,0,0,1,1,1,1,0,0,0,1,0,0
Mitsubishi Lancer  ,1150000,2008,155000,1,Petrol,1,1,,White,1600,1,1,1,1,0,0,0,0,0,0,0,1,1,1,1,0,0,0,1,0,0
Mitsubishi Lancer  ,1000000,2007,215000,1,Petrol,1,1,,Silver,1500,1,1,1,1,0,0,0,0,0,0,0,1,1,1,1,0,0,0,1,0,0
Mitsubishi Lancer  ,950000,2006,144000,1,Petrol,1,1,,White,1500,,0,0,0,0,0,0,0,0,0,0,0,0,0,0,0,0,0,0,0,0
Mitsubishi Lancer  ,925000,2005,105000,1,Petrol,0,0,,Maroon,1300,,0,0,0,0,0,0,0,0,0,0,0,0,0,0,0,0,0,0,0,0
Mitsubishi Lancer  ,875000,2005,180000,1,Petrol,0,1,,Silver,1300,1,1,1,1,0,0,0,0,0,1,0,1,1,1,1,0,0,0,1,0,0
Mitsubishi Lancer  ,875000,2005,162705,1,Petrol,0,1,,White,1300,1,0,1,0,0,0,0,0,0,1,0,1,1,1,1,0,0,0,1,0,0
Mitsubishi Lancer  ,870000,2005,180000,1,Petrol,0,1,,Silver,1300,,0,0,0,0,0,0,0,0,0,0,0,0,0,0,0,0,0,0,0,0
Mitsubishi Lancer  ,800000,2004,80000,1,Petrol,0,1,,Red,1600,,0,0,0,0,0,0,0,0,0,0,0,0,0,0,0,0,0,0,0,0
Mitsubishi Lancer  ,780000,2005,60000,1,Petrol,0,1,,Brown,1300,0,1,0,0,0,0,0,0,0,0,0,0,0,0,0,0,0,0,0,0,0
Mitsubishi Lancer  ,500000,1993,100000,1,Petrol,0,0,,Black,1300,,0,0,0,0,0,0,0,0,0,0,0,0,0,0,0,0,0,0,0,0
Mitsubishi Lancer  ,500000,1995,135000,1,Petrol,0,1,,Silver,1300,1,1,1,1,0,1,1,0,0,1,1,1,1,1,1,0,0,0,1,0,1
Mitsubishi Lancer  ,450000,1993,150000,1,Petrol,0,1,,Black,1300,,0,0,0,0,0,0,0,0,0,0,0,0,0,0,0,0,0,0,0,0
Mitsubishi Lancer  ,440000,1991,150000,1,Petrol,1,1,,Black,1500,,0,0,0,0,0,0,0,0,0,0,0,0,0,0,0,0,0,0,0,0
Mitsubishi Lancer  ,400000,1993,200000,1,Petrol,0,1,,Blue,1500,,0,0,0,0,0,0,0,0,0,0,0,0,0,0,0,0,0,0,0,0
Mitsubishi Lancer  ,380000,1993,150000,1,Petrol,0,0,,Blue,1600,0,0,0,1,0,0,0,0,0,0,0,0,1,1,1,0,0,0,0,0,0
Mitsubishi Lancer  ,360000,1993,120000,1,Diesel,0,0,,White,2000,0,0,1,1,0,0,0,0,0,0,0,0,1,1,1,0,0,0,1,0,0
Mitsubishi Lancer  ,348000,1990,153333,1,Petrol,0,1,,White,1300,0,0,0,0,0,0,0,0,0,0,0,0,0,0,0,0,0,0,0,0,0
Mitsubishi Lancer  ,330000,1991,300000,1,,0,1,,White,1300,0,0,1,1,0,0,0,0,0,0,0,1,1,1,1,0,0,0,1,0,1
Mitsubishi Lancer  ,325000,1994,130000,1,Petrol,0,1,,Maroon,1300,0,0,1,1,0,0,0,0,0,0,0,1,1,1,1,0,0,0,1,0,0
Mitsubishi Lancer  ,310000,1993,120000,1,Petrol,0,0,,White,1300,0,0,0,0,0,0,0,0,0,0,0,0,0,1,1,0,0,0,0,0,0
Mitsubishi Lancer  ,275000,1990,256000,1,,0,0,,White,1300,,0,0,0,0,0,0,0,0,0,0,0,0,0,0,0,0,0,0,0,0
Mitsubishi Lancer  ,170000,1993,200000,1,Diesel,0,0,,Blue,1600,0,0,0,1,0,0,0,0,0,0,0,0,0,1,0,0,0,0,0,0,0
Mitsubishi Lancer GL  ,1325000,2006,172000,1,Petrol,1,1,Sedan,Grey,1500,1,1,1,1,0,0,0,0,0,1,0,1,1,1,1,0,1,1,2,0,0
Mitsubishi Lancer GL  ,1090000,2006,83000,1,Petrol,1,1,Sedan,White,1500,1,1,1,1,0,0,0,0,0,0,0,1,1,1,1,0,0,0,1,0,0
Mitsubishi Lancer GL  ,1025000,2007,127000,1,Petrol,0,1,Sedan,White,1300,0,0,1,0,0,0,0,0,0,1,0,1,0,1,1,0,0,0,1,0,0
Mitsubishi Lancer GL  ,1000000,2004,230000,1,Petrol,0,1,Sedan,Silver,1300,0,0,1,0,0,0,0,0,0,0,0,1,0,1,1,0,0,0,1,0,0
Mitsubishi Lancer GL  ,950000,2005,292000,1,Petrol,0,1,Sedan,Black,1300,0,0,1,0,0,0,0,0,0,1,0,1,0,1,1,0,0,0,1,0,0
Mitsubishi Lancer GL  ,900000,2005,200000,1,Petrol,0,1,Sedan,Blue,1300,0,0,1,0,0,0,0,0,0,0,0,1,1,1,1,0,0,0,1,0,0
Mitsubishi Lancer GL  ,900000,2006,80000,1,Petrol,0,1,Sedan,Blue,1300,0,0,1,0,0,0,0,0,0,1,0,1,0,1,1,0,0,0,1,0,0
Mitsubishi Lancer GL  ,895000,2004,132000,1,Petrol,0,1,Sedan,Blue,1300,0,0,1,1,0,0,0,0,0,1,0,1,1,1,1,0,0,0,1,0,0
Mitsubishi Lancer GL  ,890000,2005,79000,1,Petrol,0,1,Sedan,Beige,1300,0,0,1,0,0,0,0,0,0,1,0,1,0,1,1,0,0,0,1,0,0
Mitsubishi Lancer GL  ,875000,2005,110000,1,Petrol,0,1,Sedan,White,1300,0,0,1,0,0,0,0,0,0,1,0,1,0,1,1,0,0,0,1,0,0
Mitsubishi Lancer GL  ,860000,2005,100000,1,Petrol,0,1,Sedan,Assembly,1300,0,0,1,0,0,0,0,0,0,1,0,1,0,1,1,0,0,0,1,0,0
Mitsubishi Lancer GL  ,825000,2005,125000,1,Petrol,0,1,Sedan,Black,1300,0,0,1,1,0,0,0,0,0,0,0,1,1,1,1,0,0,0,1,0,0
Mitsubishi Lancer GL  ,790000,2005,232000,1,Petrol,0,1,Sedan,Blue,1300,0,0,1,0,0,0,0,0,0,1,0,1,1,1,1,0,0,0,1,0,0
Mitsubishi Lancer GL  ,776000,2005,110000,1,Petrol,0,1,Sedan,Gold,1300,0,0,1,0,0,0,0,0,0,1,0,1,0,1,1,0,0,0,1,0,0
Mitsubishi Lancer GL  ,550000,1994,400000,1,Petrol,0,1,Sedan,Maroon,1300,0,0,1,1,0,0,0,0,0,0,0,1,1,1,1,0,0,0,1,0,1
Mitsubishi Lancer GL  ,440000,1993,430118,1,Petrol,0,1,Sedan,White,1500,0,0,0,1,0,0,0,0,0,0,1,0,0,1,0,0,0,0,0,0,0
Mitsubishi Lancer GL  ,320000,1996,200000,1,Petrol,0,1,Sedan,White,1300,,0,0,0,0,0,0,0,0,0,0,0,0,0,0,0,0,0,0,0,0
Mitsubishi Lancer GL  ,290000,1993,110000,1,Diesel,0,1,Sedan,Green,1800,0,0,1,0,0,0,0,0,0,0,0,0,0,1,0,0,0,0,2,0,0
Mitsubishi Lancer GL  ,220000,1991,100000,1,Petrol,0,1,Sedan,Black,1300,0,0,1,1,0,0,0,0,0,1,0,1,0,1,0,0,0,0,1,0,0
Mitsubishi Lancer GL  ,200000,1990,150000,1,Petrol,0,0,Sedan,Maroon,1300,0,0,0,0,0,0,0,0,0,0,0,0,0,1,1,0,0,0,0,0,0
Mitsubishi Lancer GLX 1.3  ,1400000,2007,60000,1,Petrol,0,1,Sedan,White,1300,0,0,1,1,0,0,0,0,0,1,0,1,1,1,1,0,0,0,1,0,0
Mitsubishi Lancer GLX 1.3  ,1175000,2006,100000,1,Petrol,0,1,Sedan,Gold,1300,0,0,1,1,0,0,0,0,0,1,0,1,1,1,1,0,0,0,1,0,0
Mitsubishi Lancer GLX 1.3  ,1100000,2008,225000,1,Petrol,0,1,Sedan,Silver,1300,0,0,1,1,0,0,0,0,0,1,0,1,1,1,1,0,0,0,1,0,0
Mitsubishi Lancer GLX 1.3  ,1000000,2007,100000,1,Petrol,0,1,Sedan,Silver,1300,0,0,1,1,0,0,0,0,0,1,0,1,1,1,1,0,0,0,1,0,0
Mitsubishi Lancer GLX 1.3  ,995000,2006,200000,1,Petrol,0,1,Sedan,Silver,1300,0,0,1,1,0,0,0,0,0,0,0,1,1,1,1,0,0,0,1,0,0
Mitsubishi Lancer GLX 1.3  ,985000,2004,243000,1,Petrol,0,1,Sedan,Navy,1300,0,0,1,1,0,0,0,0,0,1,0,1,1,1,1,0,0,0,1,0,0
Mitsubishi Lancer GLX 1.3  ,950000,2005,256000,1,Petrol,0,1,Sedan,Unlisted,1300,0,0,1,1,0,0,0,0,0,1,0,1,1,1,1,0,0,0,1,0,0
Mitsubishi Lancer GLX 1.3  ,950000,2005,92424,1,Petrol,0,1,Sedan,Blue,1300,0,0,1,1,0,0,0,0,0,0,0,1,1,1,1,0,0,0,1,0,0
Mitsubishi Lancer GLX 1.3  ,950000,2007,80000,1,Petrol,0,1,Sedan,Blue,1300,0,0,1,1,0,0,0,0,0,1,0,1,1,1,1,0,0,0,1,0,0
Mitsubishi Lancer GLX 1.3  ,950000,2005,80000,1,Petrol,0,1,Sedan,Blue,1300,0,0,1,1,0,0,0,0,0,1,0,1,1,1,1,0,0,0,1,0,0
Mitsubishi Lancer GLX 1.3  ,950000,2009,90000,1,Petrol,0,0,Sedan,Silver,1300,,0,0,0,0,0,0,0,0,0,0,0,0,0,0,0,0,0,0,0,0
Mitsubishi Lancer GLX 1.3  ,935000,2004,170000,1,Petrol,0,1,Sedan,Assembly,1300,0,0,1,1,0,0,0,0,0,1,0,1,1,1,1,0,0,0,1,0,0
Mitsubishi Lancer GLX 1.3  ,925000,2005,141500,1,Petrol,0,1,Sedan,Blue,1300,1,0,1,1,0,0,0,0,0,0,0,0,1,1,1,0,0,0,1,0,0
Mitsubishi Lancer GLX 1.3  ,925000,2004,180000,1,Petrol,0,0,Sedan,White,1300,0,0,1,1,0,0,0,0,0,1,0,1,1,1,1,0,0,0,1,0,0
Mitsubishi Lancer GLX 1.3  ,890000,2005,140000,1,Petrol,0,1,Sedan,Silver,1300,0,0,1,1,0,0,0,0,0,1,0,1,1,1,1,0,0,0,1,0,0
Mitsubishi Lancer GLX 1.3  ,890000,2005,112000,1,Petrol,1,1,Sedan,Grey,1300,0,0,1,1,0,0,1,0,0,1,0,0,1,1,1,0,0,0,1,0,0
Mitsubishi Lancer GLX 1.3  ,890000,2005,154000,1,Petrol,0,1,Sedan,Silver,1300,0,0,1,1,0,0,0,0,0,1,0,1,1,1,1,0,0,0,1,0,0
Mitsubishi Lancer GLX 1.3  ,890000,2006,158000,1,Petrol,0,1,Sedan,Red,1300,0,0,1,1,0,0,0,0,0,1,0,1,1,1,1,0,0,0,1,0,0
Mitsubishi Lancer GLX 1.3  ,875000,2005,200000,1,Petrol,0,1,Sedan,Black,1300,0,0,1,1,0,0,0,0,0,1,0,1,1,1,1,0,0,0,1,0,0
Mitsubishi Lancer GLX 1.3  ,870000,2005,125500,1,Petrol,0,1,Sedan,Black,1300,0,0,1,1,0,0,0,0,0,1,0,1,1,1,1,0,0,0,1,0,0
Mitsubishi Lancer GLX 1.3  ,850000,2005,219000,1,Petrol,0,1,Sedan,Blue,1300,0,0,1,1,0,0,0,0,0,1,0,1,1,1,1,0,0,0,1,0,0
Mitsubishi Lancer GLX 1.3  ,850000,2005,100000,1,Petrol,0,1,Sedan,Silver,1300,0,0,1,1,0,0,0,0,0,1,0,1,1,1,1,0,0,0,1,0,0
Mitsubishi Lancer GLX 1.3  ,850000,2004,290000,1,Petrol,0,1,Sedan,Beige,1300,0,0,1,1,0,0,0,0,0,1,0,1,1,1,1,0,0,0,2,0,0
Mitsubishi Lancer GLX 1.3  ,830000,2006,250000,1,Petrol,0,1,Sedan,Silver,1300,1,1,1,1,1,0,0,0,0,1,0,1,1,1,1,0,1,0,2,0,0
Mitsubishi Lancer GLX 1.3  ,820000,2006,187587,1,Petrol,0,0,Sedan,Grey,1300,0,0,1,1,0,0,0,0,0,1,0,1,1,1,1,0,0,0,1,0,0
Mitsubishi Lancer GLX 1.3  ,810000,2005,384864,1,Petrol,0,1,Sedan,Red,1300,0,0,1,1,0,0,0,0,0,1,0,1,1,1,1,0,0,0,1,0,0
Mitsubishi Lancer GLX 1.3  ,800000,2004,150000,1,Petrol,0,1,Sedan,Black,1300,0,0,1,1,0,0,0,0,0,1,0,1,1,1,1,0,0,0,1,0,0
Mitsubishi Lancer GLX 1.3  ,795000,2006,88000,1,Petrol,0,1,Sedan,Gold,1300,0,0,1,1,0,0,0,0,0,1,0,1,1,1,1,0,0,0,1,0,0
Mitsubishi Lancer GLX 1.3  ,795000,2005,95460,1,Petrol,0,1,Sedan,Silver,1300,0,0,1,1,0,0,0,0,0,1,0,1,1,1,1,0,0,0,1,0,0
Mitsubishi Lancer GLX 1.3  ,780000,2004,125480,1,Petrol,0,1,Sedan,Silver,1300,0,0,1,1,0,0,0,0,0,1,0,1,1,1,1,0,0,0,1,0,0
Mitsubishi Lancer GLX 1.3  ,780000,2005,40000,1,Petrol,1,1,Sedan,Blue,1300,0,0,1,1,0,0,0,0,0,1,0,1,1,1,1,0,0,0,1,0,0
Mitsubishi Lancer GLX 1.3  ,725000,2006,200000,1,Petrol,0,1,Sedan,White,1300,0,0,1,1,0,0,0,0,0,1,0,1,1,1,1,0,0,0,1,0,0
Mitsubishi Lancer GLX 1.3  ,685000,2005,99000,1,Petrol,0,1,Sedan,Blue,1300,0,0,1,1,0,0,0,0,0,1,0,1,1,1,1,0,0,0,1,0,0
Mitsubishi Lancer GLX 1.3  ,510000,1994,120000,1,Petrol,0,1,Sedan,Black,1300,0,0,1,0,0,0,0,0,0,0,0,1,1,1,1,0,0,0,1,0,1
Mitsubishi Lancer GLX 1.3  ,450000,1994,129500,1,Petrol,0,1,Sedan,Maroon,1300,,0,0,0,0,0,0,0,0,0,0,0,0,0,0,0,0,0,0,0,0
Mitsubishi Lancer GLX 1.3  ,450000,1991,198774,1,Petrol,0,0,Sedan,Black,1300,0,0,1,0,0,0,0,0,0,0,0,0,0,0,0,0,0,0,1,0,0
Mitsubishi Lancer GLX 1.3  ,400000,1993,120000,1,Petrol,0,1,Sedan,Maroon,1300,,0,0,0,0,0,0,0,0,0,0,0,0,0,0,0,0,0,0,0,0
Mitsubishi Lancer GLX 1.3  ,400000,1993,100000,1,Petrol,0,0,Sedan,White,1300,,0,0,0,0,0,0,0,0,0,0,0,0,0,0,0,0,0,0,0,0
Mitsubishi Lancer GLX 1.3  ,400000,1993,150000,1,Petrol,0,0,Sedan,White,1300,,0,0,0,0,0,0,0,0,0,0,0,0,0,0,0,0,0,0,0,0
Mitsubishi Lancer GLX 1.3  ,390000,1998,115427,1,Petrol,0,1,Sedan,White,1300,0,0,1,1,0,0,0,0,0,0,0,0,0,1,0,0,0,0,1,0,0
Mitsubishi Lancer GLX 1.3  ,360000,1992,120000,1,,0,0,Sedan,Black,1300,0,0,0,1,0,0,0,0,0,0,0,0,0,0,0,0,0,0,0,0,0
Mitsubishi Lancer GLX 1.3  ,360000,1991,100000,1,Petrol,0,1,Sedan,White,1300,0,0,1,1,0,0,0,0,0,0,0,0,0,1,0,0,0,0,1,0,0
Mitsubishi Lancer GLX 1.3  ,360000,1993,88888,1,,0,1,Sedan,White,1200,0,0,0,0,0,0,0,0,0,0,0,0,0,0,0,0,0,0,0,0,0
Mitsubishi Lancer GLX 1.3  ,350000,1992,100000,1,Petrol,0,0,Sedan,Black,1300,0,0,1,1,0,0,0,0,0,0,0,0,1,1,0,0,0,0,1,0,0
Mitsubishi Lancer GLX 1.3  ,300000,1993,100000,1,Petrol,0,1,Sedan,Black,1300,,0,0,0,0,0,0,0,0,0,0,0,0,0,0,0,0,0,0,0,0
Mitsubishi Lancer GLX 1.3  ,300000,1992,200000,1,,0,1,Sedan,Silver,1300,0,0,1,1,0,0,0,0,0,0,0,1,1,1,0,0,0,0,1,0,0
Mitsubishi Lancer GLX 1.3  ,175000,1990,170000,1,,0,0,Sedan,White,1300,,0,0,0,0,0,0,0,0,0,0,0,0,0,0,0,0,0,0,0,0
Mitsubishi Lancer GLX 1.5  ,1330000,2012,40000,1,Petrol,1,1,Sedan,Silver,1500,1,1,1,1,0,1,0,0,0,1,0,1,1,1,1,0,0,0,1,0,0
Mitsubishi Lancer GLX 1.5  ,1250000,2012,111250,1,Petrol,1,1,Sedan,White,1500,1,1,1,1,0,0,0,0,0,0,0,1,1,1,1,0,0,0,1,0,0
Mitsubishi Lancer GLX 1.5  ,1225000,2006,190000,1,Petrol,0,1,Sedan,White,1600,0,0,1,0,0,0,0,0,0,1,0,1,1,1,1,0,0,0,1,0,0
Mitsubishi Lancer GLX 1.5  ,1000000,2005,300000,1,Petrol,0,1,Sedan,White,1300,0,0,1,1,0,0,0,0,0,1,0,1,1,1,1,0,0,0,1,0,0
Mitsubishi Lancer GLX 1.5  ,350000,1990,100000,1,Petrol,0,1,Sedan,White,1600,0,0,0,1,0,0,0,0,0,0,0,0,1,1,1,0,0,0,0,0,1
Mitsubishi Lancer GLX 1.6  ,1250000,2005,126000,1,Petrol,1,1,Sedan,Silver,1600,0,0,1,1,0,0,0,0,0,1,0,1,1,0,1,0,0,0,1,0,0
Mitsubishi Lancer GLX 1.6  ,1049000,2005,99500,1,Petrol,0,1,Sedan,White,1600,0,0,1,1,0,0,0,0,0,1,0,1,1,1,1,0,0,0,1,0,0
Mitsubishi Lancer GLX 1.6  ,975000,2004,82000,1,Petrol,0,1,Sedan,Silver,1600,0,0,1,1,0,0,0,0,0,1,0,1,1,0,1,0,0,0,1,0,0
Mitsubishi Lancer GLX 1.6  ,960000,2004,280000,1,Petrol,0,1,Sedan,Silver,1600,0,1,1,1,0,0,0,0,0,1,0,1,1,1,1,0,0,0,1,0,1
Mitsubishi Lancer GLX 1.6  ,925000,2004,63000,1,Petrol,0,1,Sedan,White,1600,0,0,1,1,0,0,0,0,0,1,0,1,1,0,1,0,0,0,1,0,0
Mitsubishi Lancer GLX 1.6  ,870000,2005,99600,1,Petrol,0,1,Sedan,White,1600,0,0,1,1,0,0,0,0,0,1,0,1,1,0,1,0,0,0,1,0,0
Mitsubishi Lancer GLX 1.6  ,850000,2005,218000,1,Petrol,0,1,Sedan,Red,1600,1,0,1,1,0,0,0,0,0,1,0,1,1,1,1,0,0,0,2,0,1
Mitsubishi Lancer GLX 1.6  ,800000,2004,250000,1,Petrol,0,1,Sedan,Assembly,1600,0,0,1,1,0,0,0,0,0,1,0,1,1,0,1,0,0,0,1,0,0
Mitsubishi Lancer GLX 1.6  ,350000,1990,150000,1,Petrol,1,1,Sedan,Gold,1300,0,0,0,0,0,0,0,0,0,0,0,0,0,0,1,0,0,0,0,0,0
Mitsubishi Lancer GLX 1.6  ,340000,1993,120000,1,Petrol,0,1,Sedan,White,1600,0,0,0,1,0,0,0,0,0,0,0,0,0,1,0,0,0,0,0,0,0
Mitsubishi Lancer GLX 1.6  ,250000,1990,120000,1,,0,1,Sedan,White,1600,0,0,0,1,0,0,0,0,0,0,0,1,1,1,1,0,0,0,0,0,1
Mitsubishi Lancer GLX Automatic 1.3  ,1250000,2007,125000,1,Petrol,1,1,Sedan,Silver,1300,0,0,1,1,0,0,0,0,0,1,0,1,1,1,1,0,0,0,1,0,0
Mitsubishi Lancer GLX Automatic 1.3  ,1220000,2007,126000,1,Petrol,1,1,Sedan,Black,1300,0,0,1,1,0,0,0,0,0,1,0,1,1,1,1,0,0,0,1,0,0
Mitsubishi Lancer GLX Automatic 1.3  ,1200000,2006,146000,1,Petrol,1,1,Sedan,Silver,1300,0,0,1,0,0,0,0,0,0,1,0,1,1,1,1,0,0,0,1,0,0
Mitsubishi Lancer GLX Automatic 1.3  ,1075000,2007,230000,1,Petrol,1,1,Sedan,Silver,1300,1,0,1,1,0,0,0,0,0,0,0,1,1,1,1,0,0,0,1,0,0
Mitsubishi Lancer GLX Automatic 1.3  ,985000,2006,123900,1,Petrol,1,1,Sedan,White,1300,0,0,1,1,0,0,0,0,0,1,0,1,1,1,1,0,0,0,1,0,0
Mitsubishi Lancer GLX Automatic 1.3  ,970000,2008,150000,1,Petrol,1,1,Sedan,Silver,1300,0,0,1,1,0,0,0,0,0,1,0,1,1,1,1,0,0,0,1,0,0
Mitsubishi Lancer GLX Automatic 1.3  ,970000,2008,150000,1,Petrol,1,1,Sedan,Silver,1300,0,0,1,1,0,0,0,0,0,1,0,1,1,1,1,0,0,0,1,0,0
Mitsubishi Lancer GLX Automatic 1.3  ,950000,2006,95000,1,Petrol,1,1,Sedan,White,1300,0,0,1,1,0,0,0,0,0,1,0,1,1,1,1,0,0,0,1,0,0
Mitsubishi Lancer GLX Automatic 1.3  ,925000,2005,150875,1,Petrol,1,1,Sedan,Blue,1300,0,0,1,1,0,0,0,0,0,1,0,1,1,1,1,0,0,0,1,0,0
Mitsubishi Lancer GLX Automatic 1.3  ,895000,2005,93000,1,Petrol,1,1,Sedan,Black,1300,0,0,1,1,0,0,0,0,0,1,0,1,1,1,1,0,0,0,1,0,0
Mitsubishi Lancer GLX Automatic 1.3  ,850000,2004,120000,1,Petrol,1,1,Sedan,Blue,1300,0,0,1,1,0,0,0,0,0,1,0,1,1,1,1,0,0,0,1,0,0
Mitsubishi Lancer GLX Automatic 1.3  ,850000,2004,158035,1,Petrol,1,1,Sedan,Blue,1300,0,0,1,1,0,0,0,0,0,1,0,1,1,1,1,0,0,0,1,0,0
Mitsubishi Lancer GLX Automatic 1.3  ,830000,1999,125000,1,Petrol,1,1,Sedan,Grey,1300,,0,0,0,0,0,0,0,0,0,0,0,0,0,0,0,0,0,0,0,0
Mitsubishi Lancer GLX Automatic 1.3  ,800000,2005,240000,1,Petrol,1,1,Sedan,Silver,1300,0,0,1,1,0,0,0,0,0,1,0,1,1,1,1,0,0,0,1,0,0
Mitsubishi Lancer GLX Automatic 1.3  ,790000,2008,162000,1,Petrol,1,1,Sedan,Black,1300,0,0,1,1,0,0,0,0,0,1,0,1,1,1,1,0,0,0,1,0,0
Mitsubishi Lancer GLX Automatic 1.3  ,750000,2005,150000,1,Petrol,1,1,Sedan,Beige,1300,0,0,1,1,0,0,0,0,0,1,0,1,1,1,1,0,0,0,1,0,0
Mitsubishi Lancer GLX Automatic 1.3  ,480000,1994,150000,1,Petrol,1,0,Sedan,Black,1300,0,0,1,1,0,0,0,0,0,0,0,1,1,1,1,0,0,0,1,0,0
Mitsubishi Lancer GLX Automatic 1.6  ,1280000,2004,70000,1,Petrol,1,1,Sedan,Black,1600,1,1,1,1,0,0,0,0,0,1,0,1,1,1,1,0,0,0,1,0,0
Mitsubishi Lancer GLX Automatic 1.6  ,1280000,2006,110000,1,Petrol,1,1,Sedan,White,1600,1,1,1,1,0,0,0,0,0,1,0,1,1,1,1,0,0,0,1,0,0
Mitsubishi Lancer GLX Automatic 1.6  ,1250000,2006,115000,1,Petrol,1,1,Sedan,Red,1600,0,0,1,1,0,0,0,0,0,1,0,1,1,1,1,0,0,0,1,0,0
Mitsubishi Lancer GLX Automatic 1.6  ,1250000,2006,195000,1,Petrol,1,1,Sedan,Silver,1500,1,1,1,1,0,0,0,0,0,1,0,1,1,1,1,0,0,0,1,0,0
Mitsubishi Lancer GLX Automatic 1.6  ,1250000,2006,170000,1,Petrol,1,1,Sedan,Silver,1500,1,1,1,1,0,0,0,0,0,1,0,1,1,1,1,0,0,0,1,0,0
Mitsubishi Lancer GLX Automatic 1.6  ,1240000,2004,170000,1,Petrol,1,1,Sedan,Blue,1600,0,0,1,1,0,0,0,0,0,1,0,1,1,1,1,0,0,0,1,0,0
Mitsubishi Lancer GLX Automatic 1.6  ,1180000,2006,120000,1,Petrol,1,1,Sedan,Blue,1600,0,0,1,1,0,0,0,0,0,1,0,1,1,1,1,0,0,0,1,0,0
Mitsubishi Lancer GLX Automatic 1.6  ,1180000,2006,120000,1,Petrol,1,1,Sedan,Blue,1600,0,0,1,1,0,0,0,0,0,1,0,1,1,1,1,0,0,0,1,0,0
Mitsubishi Lancer GLX Automatic 1.6  ,1175000,2006,125000,1,Petrol,1,1,Sedan,Blue,1600,0,0,1,1,0,0,0,0,0,1,0,1,1,1,1,0,0,0,1,0,0
Mitsubishi Lancer GLX Automatic 1.6  ,1150000,2006,175000,1,Petrol,1,1,Sedan,Red,1600,0,0,1,1,0,0,0,0,0,1,0,1,1,1,1,0,0,0,1,0,0
Mitsubishi Lancer GLX Automatic 1.6  ,1130000,2006,149000,1,Petrol,1,1,Sedan,White,1600,1,1,1,1,0,0,0,0,0,1,0,1,1,1,1,0,0,0,1,0,0
Mitsubishi Lancer GLX Automatic 1.6  ,1050000,2005,80000,1,Petrol,1,1,Sedan,White,1600,0,0,1,1,0,0,0,0,0,1,0,1,1,1,1,0,0,0,1,0,0
Mitsubishi Lancer GLX Automatic 1.6  ,1050000,2005,155200,1,Petrol,1,1,Sedan,Red,1600,0,0,1,1,0,0,0,0,0,1,0,1,1,1,1,0,0,0,1,0,0
Mitsubishi Lancer GLX Automatic 1.6  ,1050000,2007,122000,1,Petrol,1,1,Sedan,White,1600,1,1,1,1,0,0,0,0,0,1,0,1,1,1,1,0,0,0,1,0,0
Mitsubishi Lancer GLX Automatic 1.6  ,1045000,2006,173000,1,Petrol,0,0,Sedan,Silver,1600,1,1,1,1,0,0,0,0,0,0,1,1,1,1,1,0,0,0,1,0,0
Mitsubishi Lancer GLX Automatic 1.6  ,880000,2004,300000,1,Petrol,1,1,Sedan,Blue,1600,0,0,1,1,0,0,0,0,0,1,0,1,1,1,1,0,0,0,1,0,0
Mitsubishi Lancer GLX Automatic 1.6  ,650000,1997,100000,1,Petrol,1,1,Sedan,Assembly,1600,,0,0,0,0,0,0,0,0,0,0,0,0,0,0,0,0,0,0,0,0
Mitsubishi Lancer GLX SR Automatic 1.6  ,1490000,2007,142000,1,Petrol,1,1,Sedan,White,1500,0,0,1,1,0,0,0,0,0,1,0,1,1,1,1,0,0,0,1,0,0
Mitsubishi Lancer GLX SR Automatic 1.6  ,1355000,2006,180000,1,Petrol,1,1,Sedan,White,1500,1,1,1,1,0,0,0,0,0,1,0,1,1,1,1,0,0,0,1,0,0
Mitsubishi Lancer GLX SR Automatic 1.6  ,1285000,2006,75000,1,Petrol,1,1,Sedan,Gold,1600,0,0,1,1,0,0,0,0,0,1,0,1,1,1,1,0,0,0,1,0,1
Mitsubishi Lancer GLX SR Automatic 1.6  ,1250000,2006,120000,1,Petrol,1,1,Sedan,Silver,1600,0,0,1,1,0,0,0,0,0,1,0,1,1,1,1,0,0,0,1,0,1
Mitsubishi Lancer GLX SR Automatic 1.6  ,1220000,2005,125000,1,Petrol,1,1,Sedan,Blue,1600,0,0,1,1,0,0,0,0,0,1,0,1,1,1,1,0,0,0,1,0,1
Mitsubishi Lancer GLX SR Automatic 1.6  ,1200000,2005,149000,1,Petrol,1,1,Sedan,Beige,1600,0,0,1,1,0,0,0,0,0,1,0,1,1,1,1,0,0,0,1,0,1
Mitsubishi Lancer GLX SR Automatic 1.6  ,1175000,2005,102000,1,Petrol,1,1,Sedan,Silver,1600,0,0,1,1,0,0,0,0,0,1,0,1,1,1,1,0,0,0,1,0,1
Mitsubishi Lancer GLX SR Automatic 1.6  ,1020000,2005,72000,1,Petrol,1,1,Sedan,Silver,1600,0,0,1,1,0,0,0,0,0,1,0,1,1,1,1,0,0,0,1,0,1
Mitsubishi Minica  ,1500000,2015,126000,0,Petrol,0,1,,Silver,660,1,1,1,0,0,0,0,0,0,0,0,0,0,1,0,0,0,0,1,0,0
Mitsubishi Minica  ,1050000,2012,57000,1,Petrol,1,1,,Silver,660,1,1,1,0,0,0,0,0,0,1,0,1,0,1,1,0,0,0,1,0,0
Mitsubishi Minica  ,1050000,2012,49900,1,Petrol,1,1,,White,660,,0,0,0,0,0,0,0,0,0,0,0,0,0,0,0,0,0,0,0,0
Mitsubishi Minica  ,1000000,2013,64000,1,Petrol,1,1,,Silver,660,0,0,0,0,0,0,0,0,0,0,0,1,0,1,0,0,0,0,0,0,0
Mitsubishi Minica  ,960000,2012,145000,1,Petrol,1,1,,White,660,,0,0,0,0,0,0,0,0,0,0,0,0,0,0,0,0,0,0,0,0
Mitsubishi Minica  ,850000,2011,150000,1,Petrol,0,0,,White,660,0,0,1,0,0,0,0,0,0,0,1,0,0,0,0,0,0,0,1,0,0
Mitsubishi Minica  ,850000,2006,85000,1,Petrol,0,1,,Assembly,660,0,1,1,1,0,0,0,0,0,1,0,1,0,1,0,0,0,0,1,0,0
Mitsubishi Minica  ,845000,2012,82000,1,Petrol,1,1,,Silver,660,1,1,1,1,0,0,0,0,0,1,0,1,0,1,0,0,0,0,1,0,0
Mitsubishi Minica  ,768000,2007,66000,1,Petrol,1,0,,White,660,,0,0,0,0,0,0,0,0,0,0,0,0,0,0,0,0,0,0,0,0
Mitsubishi Minica PC  ,970000,2014,56000,1,Petrol,1,1,Hatchback,White,660,1,1,1,0,0,0,0,0,0,0,0,1,1,1,1,0,0,0,1,0,0
Mitsubishi Minica PC  ,850000,2012,58000,1,Petrol,1,1,Hatchback,Silver,660,0,1,1,0,0,0,0,0,0,0,0,1,1,1,1,0,0,0,1,0,0
Mitsubishi Minica PC  ,830000,2007,74000,1,Petrol,1,1,Hatchback,Silver,660,1,1,1,0,0,0,0,0,0,1,0,1,1,1,1,0,0,0,1,0,0
Mitsubishi Minica PC  ,750000,2011,56000,1,Petrol,1,1,Hatchback,White,660,1,1,1,0,0,0,0,0,0,1,0,1,1,1,1,0,0,0,1,0,0
Mitsubishi Minicab Bravo  ,1900000,2015,80000,0,Petrol,1,1,,Black,660,1,1,1,1,0,0,0,0,0,1,0,1,1,1,1,0,0,0,1,0,0
Mitsubishi Minicab Bravo  ,1525000,2015,46500,0,Petrol,0,1,,Silver,660,1,1,1,1,0,0,0,0,0,1,0,1,0,1,0,0,0,0,1,1,0
Mitsubishi Minicab Bravo  ,1490000,2015,58000,0,Petrol,0,1,,Silver,660,0,1,1,0,0,0,0,0,0,0,0,1,0,1,0,0,0,0,1,0,0
Mitsubishi Minicab Bravo  ,1400000,2015,46000,0,Petrol,1,1,,White,660,1,1,1,0,0,0,0,0,0,0,0,1,0,1,1,0,0,0,1,0,0
Mitsubishi Minicab Bravo  ,1375000,2014,102000,1,Petrol,1,1,,White,660,,0,0,0,0,0,0,0,0,0,0,0,0,0,0,0,0,0,0,0,0
Mitsubishi Minicab Bravo  ,1375000,2015,24000,0,Petrol,1,1,,White,660,1,1,1,0,0,0,0,0,0,1,0,1,0,1,0,0,0,0,1,0,0
Mitsubishi Minicab Bravo  ,1275000,2015,100000,0,Petrol,1,1,,White,660,,0,0,0,0,0,0,0,0,0,0,0,0,0,0,0,0,0,0,0,0
Mitsubishi Minicab Bravo  ,1160000,2013,70000,1,Petrol,1,1,,Silver,660,1,1,1,0,0,0,0,0,0,0,0,1,0,1,0,0,0,0,1,0,0
Mitsubishi Minicab Bravo  ,1150000,2013,66266,1,Petrol,1,1,,Silver,660,,0,0,0,0,0,0,0,0,0,0,0,0,0,0,0,0,0,0,0,0
Mitsubishi Minicab Bravo  ,1150000,2013,60000,1,Petrol,0,1,,Silver,660,1,1,1,1,0,0,0,0,0,1,1,1,1,1,1,0,0,0,1,0,0
Mitsubishi Minicab Bravo  ,1150000,2014,103000,1,Petrol,1,1,,White,660,,0,0,0,0,0,0,0,0,0,0,0,0,0,0,0,0,0,0,0,0
Mitsubishi Minicab Bravo  ,1100000,2013,45000,0,Petrol,1,1,,White,660,,0,0,0,0,0,0,0,0,0,0,0,0,0,0,0,0,0,0,0,0
Mitsubishi Minicab Bravo  ,1100000,2013,125000,0,Petrol,0,1,,White,660,0,1,0,0,0,0,0,0,0,0,0,0,0,1,0,0,0,0,0,0,0
Mitsubishi Minicab Bravo  ,1070000,2013,93139,1,Petrol,0,1,,White,660,1,1,1,1,0,0,0,0,0,1,0,0,0,1,1,0,0,0,1,0,0
Mitsubishi Minicab Bravo  ,1050000,2013,50000,0,Petrol,1,1,,Silver,660,1,1,1,0,0,0,0,0,0,0,0,1,0,1,1,0,0,0,1,0,0
Mitsubishi Minicab Bravo  ,1050000,2012,70000,1,Petrol,1,1,,White,660,0,1,1,0,0,0,0,0,0,0,0,1,0,1,0,0,0,0,1,0,0
Mitsubishi Minicab Bravo  ,1050000,2009,50000,1,Petrol,0,1,,White,660,1,1,1,0,0,0,0,0,0,1,0,1,0,1,0,0,0,0,1,0,0
Mitsubishi Minicab Bravo  ,1050000,2013,81000,0,Petrol,1,1,,Grey,660,0,0,1,0,0,0,0,0,0,0,0,1,1,1,1,0,0,0,1,0,0
Mitsubishi Minicab Bravo  ,995000,2013,46000,1,Petrol,1,1,,Silver,660,,0,0,0,0,0,0,0,0,0,0,0,0,0,0,0,0,0,0,0,0
Mitsubishi Minicab Bravo  ,990000,2011,112556,1,Petrol,1,1,,White,660,1,1,1,0,0,0,0,0,0,0,0,1,0,1,0,0,0,0,1,0,0
Mitsubishi Minicab Bravo  ,980000,2011,112559,1,Petrol,1,1,,White,660,1,1,1,0,0,0,0,0,0,0,0,1,0,1,0,0,0,0,1,0,0
Mitsubishi Minicab Bravo  ,975000,2013,70000,1,Petrol,1,1,,Silver,660,1,1,1,0,0,0,0,0,0,0,0,1,0,1,0,0,0,0,1,0,0
Mitsubishi Minicab Bravo  ,975000,2013,53500,0,Petrol,1,1,,White,660,1,1,1,1,0,0,0,0,0,0,0,1,0,1,0,0,0,0,1,0,0
Mitsubishi Minicab Bravo  ,940000,2012,60000,1,Petrol,0,1,,Silver,660,1,1,1,1,0,0,0,0,0,1,1,1,0,1,0,0,0,0,1,0,0
Mitsubishi Minicab Bravo  ,900000,2013,56000,1,Petrol,1,1,,White,660,1,1,1,1,0,0,0,0,0,1,1,1,1,1,1,0,0,0,1,0,0
Mitsubishi Minicab Bravo  ,900000,2010,200000,1,Petrol,1,1,,White,660,0,0,1,0,0,0,0,0,0,1,0,1,0,1,0,0,0,0,1,0,0
Mitsubishi Minicab Bravo  ,875000,2013,87000,0,Petrol,1,1,,White,660,1,1,1,0,0,0,0,0,0,0,0,0,0,0,0,0,0,0,1,0,0
Mitsubishi Minicab Bravo  ,875000,2013,65000,0,Petrol,1,1,,White,660,,0,0,0,0,0,0,0,0,0,0,0,0,0,0,0,0,0,0,0,0
Mitsubishi Minicab Bravo  ,870000,2013,109805,1,Petrol,1,1,,White,660,,0,0,0,0,0,0,0,0,0,0,0,0,0,0,0,0,0,0,0,0
Mitsubishi Minicab Bravo  ,870000,2011,140000,1,Petrol,1,1,,White,660,,0,0,0,0,0,0,0,0,0,0,0,0,0,0,0,0,0,0,0,0
Mitsubishi Minicab Bravo  ,850000,2010,105000,1,Petrol,1,1,,Silver,660,1,1,1,0,0,0,0,0,0,0,0,0,0,1,1,0,0,0,1,0,0
Mitsubishi Minicab Bravo  ,850000,2013,120000,1,Petrol,1,1,,White,660,0,0,1,0,0,1,0,0,0,0,0,0,0,1,0,0,0,0,1,0,0
Mitsubishi Minicab Bravo  ,800000,2012,56000,1,Petrol,1,1,,Grey,660,1,1,1,0,0,0,0,0,0,0,0,0,0,0,0,0,0,0,1,0,0
Mitsubishi Minicab Bravo  ,800000,2011,81800,1,Petrol,0,1,,White,660,1,1,1,0,0,0,0,0,0,0,0,1,0,1,0,0,0,0,1,0,0
Mitsubishi Minicab Bravo  ,785000,2011,92000,1,Petrol,1,1,,White,660,,0,0,0,0,0,0,0,0,0,0,0,0,0,0,0,0,0,0,0,0
Mitsubishi Minicab Bravo  ,780000,2013,105000,1,Petrol,1,1,,White,660,,0,0,0,0,0,0,0,0,0,0,0,0,0,0,0,0,0,0,0,0
Mitsubishi Minicab Bravo  ,750000,2018,100000,1,Petrol,0,1,,White,660,1,1,1,0,0,0,0,0,0,0,0,0,0,0,0,0,0,0,1,0,0
Mitsubishi Mirage  ,1695000,2014,69670,1,Petrol,1,1,,White,1000,1,1,1,1,1,0,0,0,0,1,1,1,1,1,1,0,1,0,2,0,0
Mitsubishi Mirage  ,1450000,2012,80000,1,Petrol,1,1,,Black,1000,,0,0,0,0,0,0,0,0,0,0,0,0,0,0,0,0,0,0,0,0
Mitsubishi Mirage  ,1425000,2016,67000,1,Petrol,1,1,,Silver,1000,1,1,1,0,0,0,0,0,0,1,1,1,1,1,1,0,0,0,1,0,0
Mitsubishi Mirage  ,1400000,2012,80000,1,Petrol,1,1,,White,1000,1,1,1,1,0,0,0,0,0,1,0,1,1,1,1,0,0,0,1,0,0
Mitsubishi Mirage  ,1330000,2016,109679,1,Petrol,1,1,,Silver,1000,1,1,1,1,0,0,0,0,0,1,0,1,1,1,1,0,0,0,1,0,0
Mitsubishi Mirage 1.0 G  ,1850000,2015,41000,1,Petrol,1,1,Hatchback,Grey,1000,1,1,1,1,0,0,0,0,0,1,0,1,1,1,1,0,0,0,1,0,0
Mitsubishi Mirage 1.0 G  ,1750000,2014,53000,1,Petrol,1,1,Hatchback,Red,1000,1,1,1,1,0,0,0,0,0,1,0,1,1,1,1,0,0,0,1,0,0
Mitsubishi Mirage 1.0 G  ,1710000,2015,50000,1,Petrol,1,1,Hatchback,Blue,1000,1,1,1,1,0,0,0,0,0,1,0,1,1,1,1,0,0,0,1,0,0
Mitsubishi Mirage 1.0 G  ,1710000,2015,50000,1,Petrol,1,1,Hatchback,Blue,1000,1,1,1,1,0,0,0,0,0,1,0,1,1,1,1,0,0,0,1,0,0
Mitsubishi Mirage 1.0 G  ,1700000,2014,70000,1,Petrol,1,1,Hatchback,Assembly,1000,1,1,1,1,0,0,0,0,0,1,0,1,1,1,1,0,0,0,1,0,0
Mitsubishi Mirage 1.0 G  ,1650000,2014,90000,1,Petrol,1,1,Hatchback,White,1000,1,1,1,1,0,0,0,0,0,1,0,1,1,1,1,0,0,0,1,0,0
Mitsubishi Mirage 1.0 G  ,1650000,2014,50000,1,Petrol,1,1,Hatchback,Black,1000,1,1,1,1,0,0,0,0,0,1,0,1,1,1,1,0,0,0,1,0,0
Mitsubishi Mirage 1.0 G  ,1649000,2015,61000,1,Petrol,1,1,Hatchback,Black,1000,1,1,1,1,0,0,0,0,0,1,0,1,1,1,1,0,0,0,1,0,0
Mitsubishi Mirage 1.0 G  ,1625000,2014,44000,1,Petrol,1,1,Hatchback,Silver,1000,1,1,1,0,0,0,0,0,0,1,0,1,1,1,1,0,0,0,1,0,0
Mitsubishi Mirage 1.0 G  ,1550000,2012,99000,1,Petrol,1,1,Hatchback,Silver,1000,,0,0,0,0,0,0,0,0,0,0,0,0,0,0,0,0,0,0,0,0
Mitsubishi Mirage 1.0 G  ,1550000,2014,53000,1,Petrol,1,1,Hatchback,Silver,1000,1,1,1,1,0,0,0,0,0,1,0,1,1,1,1,0,0,0,1,0,0
Mitsubishi Mirage 1.0 G  ,1550000,2014,65000,1,Petrol,1,1,Hatchback,White,1000,1,1,1,1,0,0,0,0,0,1,0,1,1,1,1,0,0,0,1,0,0
Mitsubishi Mirage 1.0 G  ,1545000,2013,115000,1,Petrol,1,1,Hatchback,Blue,1000,1,1,1,0,0,0,0,0,0,1,0,1,1,1,1,0,0,0,1,0,0
Mitsubishi Mirage 1.0 G  ,1525000,2013,90000,1,Petrol,1,1,Hatchback,White,1000,1,1,1,1,0,0,0,0,0,1,0,1,1,1,1,0,0,0,1,0,0
Mitsubishi Mirage 1.0 G  ,1525000,2014,89607,1,Petrol,1,1,Hatchback,Silver,1000,1,1,1,1,0,0,0,0,0,1,0,1,1,1,1,0,0,0,1,0,0
Mitsubishi Mirage 1.0 G  ,1500000,2014,81000,1,Petrol,1,1,Hatchback,Blue,1000,1,1,1,1,1,0,0,0,0,1,1,1,1,1,1,0,1,0,2,1,0
Mitsubishi Mirage 1.0 G  ,1480000,2013,84000,1,Petrol,1,1,Hatchback,Blue,1000,1,1,1,1,1,0,0,0,0,1,0,1,1,1,1,0,1,0,1,1,0
Mitsubishi Mirage 1.0 G  ,1450000,2013,94000,1,Petrol,1,1,Hatchback,Black,1000,1,1,1,1,0,0,0,0,0,1,0,1,1,1,1,0,0,0,1,0,0
Mitsubishi Mirage 1.0 G  ,1450000,2016,103000,1,Petrol,1,1,Hatchback,Blue,1000,,0,0,0,0,0,0,0,0,0,0,0,0,0,0,0,0,0,0,0,0
Mitsubishi Mirage 1.0 G  ,1450000,2014,41000,1,Petrol,1,1,Hatchback,Silver,1000,1,1,1,0,0,0,0,0,0,1,0,1,1,1,1,0,0,0,1,0,0
Mitsubishi Mirage 1.0 G  ,1425000,2012,101000,1,Petrol,1,1,Hatchback,Black,1000,1,1,1,1,0,0,0,0,0,1,1,1,1,1,1,0,0,0,1,0,0
Mitsubishi Mirage 1.0 G  ,1425000,2012,80000,1,Petrol,1,1,Hatchback,Gold,1000,,0,0,0,0,0,0,0,0,0,0,0,0,0,0,0,0,0,0,0,0
Mitsubishi Mirage 1.0 G  ,1410000,2013,58000,1,Petrol,1,1,Hatchback,White,1000,1,1,1,1,0,0,0,0,0,1,0,1,1,1,1,0,0,0,1,0,0
Mitsubishi Mirage 1.0 G  ,1400000,2013,67000,1,Petrol,1,1,Hatchback,Black,1000,1,1,1,1,0,0,0,0,0,1,0,1,1,1,1,0,0,0,1,0,0
Mitsubishi Mirage 1.0 G  ,1400000,2014,130000,1,Petrol,1,1,Hatchback,Black,1000,1,1,1,1,0,0,0,0,0,1,0,1,1,1,1,0,0,0,1,0,0
Mitsubishi Mirage 1.0 G  ,1400000,2012,46000,1,Petrol,1,1,Hatchback,Silver,1000,1,1,1,1,0,0,0,0,0,1,0,1,1,1,1,0,0,0,1,0,0
Mitsubishi Mirage 1.0 G  ,1395000,2014,70000,1,Petrol,1,1,Hatchback,Black,1000,1,1,1,1,0,0,0,0,0,1,1,1,1,1,1,0,0,0,1,0,0
Mitsubishi Mirage 1.0 G  ,1380000,2012,130000,1,Petrol,1,1,Hatchback,White,1000,1,1,1,1,0,0,0,0,0,1,0,1,1,1,1,0,0,0,1,0,0
Mitsubishi Mirage 1.0 G  ,1375000,2012,80000,1,Petrol,1,1,Hatchback,Black,1000,1,1,1,1,0,0,0,0,0,1,0,1,1,1,1,0,0,0,1,0,0
Mitsubishi Mirage 1.0 G  ,1350000,2012,48000,1,Petrol,1,1,Hatchback,Silver,1000,1,1,1,1,0,0,0,0,0,1,0,1,1,1,1,0,0,0,1,0,0
Mitsubishi Mirage 1.0 G  ,1350000,2012,85000,1,Petrol,1,1,Hatchback,Grey,1000,1,1,1,1,0,0,0,0,0,1,0,1,1,1,1,0,0,0,1,0,0
Mitsubishi Mirage 1.0 G  ,1350000,2012,80000,1,Petrol,1,1,Hatchback,Silver,1000,1,1,1,1,0,0,0,0,0,1,0,1,1,1,1,0,0,0,1,0,0
Mitsubishi Mirage 1.0 G  ,1345000,2013,79208,1,Petrol,1,1,Hatchback,Black,1000,1,1,1,1,0,0,0,0,0,1,0,1,1,1,1,0,0,0,1,0,0
Mitsubishi Mirage 1.0 G  ,1330000,2012,107764,1,Petrol,1,1,Hatchback,Silver,1000,1,1,1,1,0,0,0,0,0,1,0,1,1,1,1,0,0,0,1,0,0
Mitsubishi Mirage 1.0 G  ,1325000,2012,92000,1,Petrol,1,1,Hatchback,White,1000,1,1,1,1,0,0,0,0,0,1,0,1,1,1,1,0,0,0,1,0,0
Mitsubishi Mirage 1.0 G  ,1300000,2012,60000,1,Petrol,1,1,Hatchback,Purple,1000,1,1,1,1,0,0,0,0,0,1,0,1,1,1,1,0,0,0,1,0,0
Mitsubishi Mirage 1.0 G  ,1300000,2012,66000,1,Petrol,1,1,Hatchback,Blue,1000,1,1,1,1,0,0,0,0,0,1,0,1,1,1,1,0,0,0,1,0,0
Mitsubishi Mirage 1.0 G  ,1275000,2012,85000,1,Petrol,1,1,Hatchback,Silver,1000,1,1,1,1,0,0,0,0,0,1,0,1,1,1,1,0,0,0,1,0,0
Mitsubishi Mirage 1.0 G  ,1275000,2012,65000,1,Petrol,1,1,Hatchback,Yellow,1000,1,1,1,1,0,0,0,0,0,1,0,1,1,1,1,0,0,0,1,0,0
Mitsubishi Mirage 1.0 M  ,1650000,2014,60000,1,Petrol,1,1,Hatchback,Black,1000,1,1,1,1,0,0,0,0,0,1,0,1,1,1,1,0,0,0,1,0,0
Mitsubishi Mirage 1.0 M  ,1485000,2014,101800,1,Petrol,1,1,Hatchback,Silver,1000,1,1,1,1,0,0,0,0,0,0,0,1,1,1,1,0,0,0,1,0,0
Mitsubishi Mirage 1.0 M  ,1350000,2012,138000,1,Petrol,1,1,Hatchback,Silver,1000,1,1,1,0,1,0,0,0,0,1,0,1,1,1,1,0,0,0,1,0,0
Mitsubishi Mirage 1.0 S  ,1645000,2015,64000,1,Petrol,1,1,Hatchback,Silver,1000,1,1,1,1,0,0,0,0,0,0,1,1,1,1,1,0,0,0,1,0,0
Mitsubishi Mirage 1.0 S  ,1545000,2015,60000,1,Petrol,1,1,Hatchback,Black,1000,1,1,1,0,0,0,0,0,0,1,0,1,1,1,1,0,0,0,1,0,0
Mitsubishi Mirage 1.0 S  ,1450000,2013,103000,1,Petrol,1,1,Hatchback,Blue,1000,1,1,1,0,0,0,0,0,0,1,0,1,1,1,1,0,0,0,1,0,0
Mitsubishi Mirage 1.0 S  ,1450000,2012,99000,1,Petrol,1,1,Hatchback,Black,1000,1,1,1,1,0,0,0,0,0,1,0,1,1,1,1,0,0,0,1,0,0
Mitsubishi Mirage 1.0 S  ,1340000,2013,79600,1,Petrol,1,1,Hatchback,Black,1000,1,1,1,0,0,0,0,0,0,1,0,1,1,1,1,0,0,0,1,0,0
Mitsubishi Other  ,1650000,2009,150000,1,Petrol,1,1,,Gold,3000,1,0,1,1,0,1,0,0,0,0,1,1,1,1,1,0,0,0,1,0,1
Mitsubishi Other  ,1600000,1998,197580,1,Petrol,1,0,,White,2000,,0,0,0,0,0,0,0,0,0,0,0,0,0,0,0,0,0,0,0,0
Mitsubishi Other  ,1300000,2006,90000,1,Petrol,1,1,,White,1500,,0,0,0,0,0,0,0,0,0,0,0,0,0,0,0,0,0,0,0,0
Mitsubishi Other  ,1220000,1994,243485,1,Petrol,1,1,,Green,2400,,0,0,0,0,0,0,0,0,0,0,0,0,0,0,0,0,0,0,0,0
Mitsubishi Other  ,1000000,1995,100000,1,Petrol,1,1,,Maroon,1100,,0,0,0,0,0,0,0,0,0,0,0,0,0,0,0,0,0,0,0,0
Mitsubishi Other  ,950000,2008,136000,1,Diesel,0,1,,White,2400,,0,0,0,0,0,0,0,0,0,0,0,0,0,0,0,0,0,0,0,0
Mitsubishi Outlander PHEV  ,8500000,2017,40000,1,Hybrid,1,1,SUV,White,2400,1,1,1,1,0,0,1,0,0,1,1,1,1,1,1,0,0,0,1,0,0
Mitsubishi Outlander PHEV  ,7500000,2017,50000,1,Hybrid,1,1,SUV,White,2400,1,1,1,1,0,0,1,0,0,1,1,1,1,1,1,0,0,0,1,0,0
Mitsubishi Pajero  ,5500000,2008,147000,1,Diesel,0,1,,Grey,2800,1,1,1,1,0,0,0,0,0,0,0,1,1,1,1,0,0,0,1,0,1
Mitsubishi Pajero  ,2700000,2006,270000,1,Diesel,0,1,,White,2800,0,1,0,0,0,0,0,0,0,0,1,1,1,1,1,0,0,0,0,0,0
Mitsubishi Pajero  ,2550000,2002,95000,1,Petrol,1,1,,White,1800,1,1,0,1,0,0,0,0,0,0,0,1,1,1,1,0,0,0,0,0,0
Mitsubishi Pajero  ,2400000,2002,135000,1,Petrol,1,1,,Blue,3500,1,1,1,1,0,0,0,0,0,0,0,1,1,1,1,0,0,0,1,0,0
Mitsubishi Pajero  ,2300000,2013,170000,1,Petrol,1,1,,Silver,3500,0,0,1,1,0,0,0,0,0,1,0,1,1,1,1,0,0,0,1,0,1
Mitsubishi Pajero  ,1990000,1998,175000,1,Petrol,1,1,,Bronze,1800,1,1,1,1,0,0,0,0,0,1,0,1,1,1,1,0,0,0,1,0,0
Mitsubishi Pajero  ,1980000,1999,172000,1,Petrol,0,1,,White,1800,1,1,1,1,0,0,0,0,0,0,0,1,1,1,1,0,0,0,1,0,0
Mitsubishi Pajero  ,1850000,1992,172000,1,Diesel,1,1,,Grey,2400,0,0,1,1,0,0,0,0,0,0,0,1,1,1,0,0,0,0,1,0,1
Mitsubishi Pajero  ,1650000,1992,205000,1,Petrol,1,1,,Brown,3000,1,1,0,1,0,0,0,0,0,1,0,1,1,1,1,0,0,0,0,0,1
Mitsubishi Pajero  ,1650000,1995,232000,1,Petrol,1,1,,Grey,3000,1,0,1,1,1,0,1,0,1,0,0,1,1,1,1,1,0,0,2,0,1
Mitsubishi Pajero  ,1640000,1992,111190,1,Petrol,1,1,,White,3000,1,1,1,1,0,1,1,0,0,0,0,1,1,1,1,0,0,0,1,0,1
Mitsubishi Pajero  ,1600000,1992,180000,1,Diesel,1,1,,Gold,2500,0,0,1,1,0,0,0,0,0,0,0,1,1,1,1,0,0,0,1,0,1
Mitsubishi Pajero  ,1500000,1993,136512,1,Diesel,0,1,,White,2400,0,0,1,1,0,0,0,0,0,0,0,1,0,1,0,0,0,0,1,0,0
Mitsubishi Pajero  ,1480000,1992,141000,1,Diesel,0,1,,Grey,2500,,0,0,0,0,0,0,0,0,0,0,0,0,0,0,0,0,0,0,0,0
Mitsubishi Pajero  ,1450000,1995,100000,1,Petrol,0,1,,White,3000,0,0,1,1,0,0,0,0,0,1,0,1,1,1,0,0,0,0,1,0,0
Mitsubishi Pajero  ,1380000,1993,150000,1,Diesel,0,1,,White,2500,0,1,1,1,0,0,0,0,0,0,0,0,1,1,1,0,0,0,1,0,1
Mitsubishi Pajero  ,1350000,1995,118000,1,Petrol,0,1,,Maroon,1100,1,1,1,1,0,0,0,0,0,0,0,1,1,1,1,0,0,0,1,0,0
Mitsubishi Pajero  ,1300000,1995,100000,1,Petrol,1,1,,Blue,2000,0,1,1,1,0,0,0,0,0,1,0,1,1,1,1,0,0,0,1,0,1
Mitsubishi Pajero  ,1300000,1993,190000,1,Diesel,0,1,,Black,2400,,0,0,0,0,0,0,0,0,0,0,0,0,0,0,0,0,0,0,0,0
Mitsubishi Pajero  ,1290000,1994,159000,1,Diesel,0,1,,White,2400,0,0,1,0,0,0,0,0,0,0,0,1,1,1,1,0,0,0,1,0,0
Mitsubishi Pajero  ,1250000,1991,122000,1,Petrol,1,1,,Grey,3400,0,0,1,1,0,0,0,0,0,0,0,0,1,1,1,0,0,0,1,0,1
Mitsubishi Pajero  ,1250000,1990,120000,1,Diesel,0,1,,White,2500,0,0,1,1,0,0,0,0,0,0,0,1,0,1,1,0,0,0,1,0,1
Mitsubishi Pajero  ,1235000,1995,200000,1,Diesel,1,1,,Gold,2800,0,1,1,1,0,0,0,0,0,1,0,1,1,1,1,0,0,0,1,0,1
Mitsubishi Pajero  ,1180000,1993,150000,1,Diesel,0,1,,Silver,2400,1,0,0,1,0,0,0,0,0,1,0,1,1,1,1,0,0,0,0,0,1
Mitsubishi Pajero  ,1150000,1990,167000,1,Petrol,0,1,,Blue,2000,0,0,1,0,0,1,0,0,0,0,0,0,0,1,1,0,0,0,1,0,1
Mitsubishi Pajero  ,1150000,1993,100000,1,Petrol,1,1,,Indigo,3000,1,0,1,1,0,0,0,0,0,0,0,1,0,0,0,0,0,0,1,0,1
Mitsubishi Pajero  ,1050000,1992,150000,1,Diesel,0,1,,White,2500,,0,0,0,0,0,0,0,0,0,0,0,0,0,0,0,0,0,0,0,0
Mitsubishi Pajero  ,1050000,1990,170000,1,Diesel,0,1,,White,2500,0,0,1,0,0,0,0,0,0,0,0,1,0,1,1,0,0,0,1,0,1
Mitsubishi Pajero  ,1050000,1992,123456,1,Petrol,0,1,,Blue,2200,1,0,1,1,0,0,0,0,0,0,0,1,0,0,1,0,0,0,1,0,1
Mitsubishi Pajero  ,1000000,1992,200000,1,Diesel,0,1,,White,2400,1,1,1,1,0,0,0,0,0,1,1,1,1,1,1,0,0,0,1,0,1
Mitsubishi Pajero  ,1000000,1990,296000,1,Diesel,0,1,,Blue,2400,0,0,1,1,0,0,0,0,0,0,0,0,0,1,1,0,0,0,1,0,1
Mitsubishi Pajero  ,1000000,1998,90000,1,Diesel,0,1,,Blue,2500,1,1,0,1,0,0,0,0,0,0,0,1,1,1,1,0,0,0,0,0,1
Mitsubishi Pajero  ,900000,1991,12345,1,Petrol,0,1,,Blue,2200,1,0,1,1,0,0,0,0,0,0,0,1,0,1,1,0,0,0,1,0,1
Mitsubishi Pajero  ,900000,1990,191210,1,Diesel,0,1,,Blue,2400,0,0,1,1,0,0,0,0,0,0,0,1,0,1,1,0,0,0,1,0,1
Mitsubishi Pajero  ,900000,1997,123456,1,Petrol,0,1,,White,1100,0,1,1,1,0,0,0,0,0,1,0,1,1,1,1,0,0,0,1,0,1
Mitsubishi Pajero  ,875000,1997,300000,1,Petrol,0,1,,White,1100,1,1,1,1,0,0,0,0,0,0,0,1,1,1,1,0,0,0,1,0,0
Mitsubishi Pajero  ,850000,1991,150000,1,Petrol,1,1,,White,2000,1,0,1,1,0,0,0,0,0,0,0,1,1,1,1,0,0,0,1,0,1
Mitsubishi Pajero  ,850000,1990,120000,1,Petrol,0,1,,Blue,2400,0,0,1,1,0,0,0,0,0,0,0,1,1,1,1,0,0,0,1,0,1
Mitsubishi Pajero  ,850000,1991,120000,1,Diesel,0,1,,Gold,2400,0,0,0,0,0,0,0,0,0,0,0,0,0,0,0,0,0,0,0,0,0
Mitsubishi Pajero  ,750000,1990,222222,1,Petrol,0,0,,Green,1800,0,0,1,0,0,0,0,0,0,0,0,0,0,1,1,0,0,0,1,0,1
Mitsubishi Pajero  ,650000,1995,130000,1,Petrol,0,1,,Green,660,1,0,1,1,0,0,0,0,0,0,0,1,0,1,1,0,0,0,1,0,0
Mitsubishi Pajero Evolution  ,2600000,1998,98600,1,Petrol,1,1,SUV,White,3500,1,1,1,1,0,0,0,0,0,0,1,1,1,1,1,0,0,0,1,0,0
Mitsubishi Pajero Evolution  ,2500000,1998,100000,1,Petrol,1,1,SUV,White,3500,0,1,1,1,0,0,0,0,0,1,0,1,1,1,1,0,0,0,1,0,1
Mitsubishi Pajero Evolution  ,2500000,1992,150000,1,Petrol,1,1,SUV,Grey,3500,0,1,1,1,0,0,0,0,0,1,1,1,1,1,1,0,0,0,1,0,1
Mitsubishi Pajero Evolution  ,1990000,1994,85000,1,Petrol,1,1,SUV,Silver,3500,0,1,1,1,0,0,0,0,0,1,1,1,1,1,1,0,0,0,1,0,1
Mitsubishi Pajero Evolution  ,1500000,1993,178000,1,Petrol,1,1,SUV,Silver,3500,0,1,1,1,0,0,0,0,0,1,0,1,1,1,1,0,0,0,1,0,1
Mitsubishi Pajero Evolution  ,1425000,1993,250000,1,Petrol,1,1,SUV,Gold,3400,1,1,1,1,0,0,0,0,0,1,0,1,1,1,1,0,0,0,1,0,1
Mitsubishi Pajero Evolution  ,1000000,1991,120000,1,Petrol,0,1,SUV,Red,2200,0,0,1,1,0,1,0,0,0,1,0,1,1,1,1,0,0,0,1,0,1
Mitsubishi Pajero Exceed 2.4  ,2100000,1997,95000,0,Petrol,1,1,SUV,White,2400,1,1,1,1,0,0,0,0,0,0,0,1,1,1,1,0,0,0,1,0,0
Mitsubishi Pajero Exceed 2.4  ,2100000,1997,95000,0,Petrol,1,1,SUV,White,2400,1,1,1,1,0,0,0,0,0,1,0,1,1,1,1,0,0,0,1,0,0
Mitsubishi Pajero Exceed 2.4  ,1800000,1992,400000,1,Diesel,0,1,SUV,Silver,2400,0,0,1,1,0,0,0,0,0,1,0,1,0,1,1,0,0,0,1,0,1
Mitsubishi Pajero Exceed 2.4  ,1700000,1992,180000,1,Diesel,1,1,SUV,Gold,2400,0,1,1,1,0,0,0,0,0,1,0,1,1,1,1,0,0,0,1,0,1
Mitsubishi Pajero Exceed 2.4  ,1500000,1993,100000,1,Diesel,1,1,SUV,Silver,2400,0,1,1,1,0,0,0,0,0,1,0,1,1,1,1,0,0,0,1,0,1
Mitsubishi Pajero Exceed 2.4  ,1450000,1992,123000,1,Diesel,1,1,SUV,Silver,2400,0,0,1,1,0,0,0,0,0,0,0,1,1,1,1,0,0,0,1,0,1
Mitsubishi Pajero Exceed 2.4  ,1300000,1992,180000,1,,1,1,SUV,White,3400,0,0,1,1,0,0,0,0,0,0,0,1,0,1,1,0,0,0,1,0,1
Mitsubishi Pajero Exceed 2.4  ,1300000,1991,100000,1,Petrol,1,1,SUV,Green,2400,0,1,1,1,0,0,0,0,0,1,0,1,1,1,1,0,0,0,1,0,1
Mitsubishi Pajero Exceed 2.4  ,1260000,1992,150000,1,Petrol,0,1,SUV,Black,2400,0,1,1,1,0,0,0,0,0,1,0,1,1,1,1,0,0,0,1,0,1
Mitsubishi Pajero Exceed 2.4  ,1180000,1993,150000,1,Diesel,0,1,SUV,Grey,2400,0,1,1,1,0,0,0,0,0,1,0,1,1,1,1,0,0,0,1,0,1
Mitsubishi Pajero Exceed 2.4  ,1180000,1993,150000,1,Diesel,0,1,SUV,Silver,2400,0,1,1,1,0,0,0,0,0,1,0,1,1,1,1,0,0,0,1,0,1
Mitsubishi Pajero Exceed 2.4  ,1150000,1992,100000,1,Petrol,0,1,SUV,Green,2400,0,0,0,1,0,0,0,0,0,1,0,1,1,1,1,0,0,0,0,0,0
Mitsubishi Pajero Exceed 2.4  ,1060000,1991,96350,1,Diesel,0,1,SUV,Blue,2400,0,1,1,1,0,0,0,0,0,1,0,1,1,1,1,0,0,0,1,0,1
Mitsubishi Pajero Exceed 2.4  ,985000,1993,185000,1,Diesel,0,1,SUV,White,2400,0,1,1,1,0,0,0,0,0,1,0,1,1,1,1,0,0,0,1,0,1
Mitsubishi Pajero Exceed 2.4  ,900000,1992,78000,1,Petrol,1,1,SUV,White,2400,0,1,1,1,0,0,0,0,0,1,0,1,1,1,1,0,0,0,1,0,1
Mitsubishi Pajero Exceed 2.5D  ,1100000,1990,120000,1,Petrol,0,1,SUV,Blue,2000,0,0,1,1,0,0,0,0,0,0,0,1,1,1,1,0,0,0,1,0,1
Mitsubishi Pajero Exceed 2.5D  ,1100000,1990,180000,1,Diesel,0,1,SUV,Blue,2500,0,0,0,1,0,1,0,0,0,1,0,1,1,1,1,0,0,0,0,0,0
Mitsubishi Pajero Exceed 2.5D  ,1100000,1990,198226,1,Diesel,0,1,SUV,Blue,2500,0,0,0,0,0,0,0,0,0,0,0,1,1,1,1,0,0,0,0,0,0
Mitsubishi Pajero Exceed 2.5D  ,1100000,1990,150000,1,Diesel,0,1,SUV,Blue,2500,0,0,0,0,0,0,0,0,0,0,0,1,1,1,1,0,0,0,0,0,0
Mitsubishi Pajero Exceed 2.5D  ,1000000,1990,200000,1,Diesel,0,1,SUV,Beige,2500,0,0,1,1,1,0,0,0,0,0,0,1,1,1,1,0,0,0,1,0,0
Mitsubishi Pajero Exceed 2.5D  ,1000000,1991,121654,1,Diesel,0,1,SUV,Gold,2500,0,0,1,1,0,0,0,0,0,0,0,1,1,1,1,0,0,0,1,0,0
Mitsubishi Pajero Exceed 2.5D  ,1000000,1991,55000,1,Diesel,0,1,SUV,Blue,2500,0,0,1,0,0,0,0,1,0,0,0,1,1,1,1,0,1,0,2,0,1
Mitsubishi Pajero Exceed 2.5D  ,990000,1990,120000,1,Diesel,0,1,SUV,Blue,2500,0,0,0,0,0,0,0,0,0,0,0,1,1,1,1,0,0,0,0,0,0
Mitsubishi Pajero Exceed 2.5D  ,900000,1990,200000,1,Diesel,0,1,SUV,White,2500,0,0,1,1,0,0,0,0,0,0,0,0,0,1,0,0,0,0,1,0,0
Mitsubishi Pajero Exceed 2.5D  ,850000,1990,220000,1,Diesel,0,1,SUV,Gold,2500,0,0,1,0,0,0,0,0,0,0,0,1,1,1,1,0,0,0,1,0,1
Mitsubishi Pajero Exceed 2.5D  ,850000,1990,170000,1,Diesel,0,1,SUV,Black,2500,0,0,0,0,0,0,0,0,0,0,0,1,1,1,1,0,0,0,0,0,0
Mitsubishi Pajero Exceed 2.5D  ,850000,1990,200000,1,Diesel,0,1,SUV,Gold,2500,0,0,1,0,0,0,0,0,0,0,0,1,1,1,1,0,0,0,1,0,1
Mitsubishi Pajero Exceed 2.5D  ,850000,1990,124587,1,Diesel,0,1,SUV,Blue,2500,0,0,1,0,0,0,0,0,0,0,0,1,0,1,1,0,0,0,1,0,1
Mitsubishi Pajero Exceed 2.5D  ,800000,1990,170000,1,Diesel,1,1,SUV,Gold,2800,0,0,0,0,0,0,0,0,0,0,0,1,1,1,1,0,0,0,0,0,0
Mitsubishi Pajero Exceed 2.5D  ,785000,1990,100000,1,Diesel,0,1,SUV,Blue,2500,0,0,1,1,0,0,0,0,0,0,0,1,1,1,1,0,0,0,1,0,0
Mitsubishi Pajero Exceed 2.5D  ,750000,1990,150000,1,Diesel,0,1,SUV,Silver,2500,0,0,1,1,0,0,0,0,0,0,0,1,1,1,1,0,0,0,1,0,0
Mitsubishi Pajero Exceed 2.5D  ,750000,1990,150000,1,Diesel,0,1,SUV,Gold,2500,0,0,0,0,0,0,0,0,0,0,0,1,1,1,1,0,0,0,0,0,0
Mitsubishi Pajero Exceed 2.5D  ,730000,1990,130000,1,Diesel,0,1,SUV,White,2500,0,0,0,1,0,0,0,0,0,0,0,0,0,1,0,0,0,0,0,0,0
Mitsubishi Pajero Exceed 2.5D  ,700000,1990,119999,1,Diesel,0,1,SUV,Silver,2500,0,0,0,0,0,0,0,0,0,0,0,1,1,1,1,0,0,0,0,0,0
Mitsubishi Pajero Exceed 2.5D  ,600000,1990,200000,1,Diesel,0,1,SUV,Maroon,2500,0,0,0,0,0,0,0,0,0,0,0,1,1,1,1,0,0,0,0,0,0
Mitsubishi Pajero Exceed 2.5D  ,560000,1990,300000,1,Diesel,0,1,SUV,Grey,2500,0,0,0,0,0,0,0,0,0,0,0,1,1,1,1,0,0,0,0,0,0
Mitsubishi Pajero Exceed 2.8D  ,2850000,1998,110000,1,Diesel,0,1,SUV,Grey,2800,0,1,1,1,0,0,0,0,0,1,0,1,1,1,1,0,0,0,1,0,1
Mitsubishi Pajero Exceed 2.8D  ,2700000,1997,180000,1,Diesel,0,1,SUV,Grey,2800,0,1,1,1,0,1,1,0,0,1,0,1,1,1,1,0,0,0,1,0,1
Mitsubishi Pajero Exceed 2.8D  ,1950000,1999,65000,1,Diesel,0,1,SUV,Navy,2800,0,1,1,1,0,0,0,0,0,1,0,1,1,1,1,0,0,0,1,0,1
Mitsubishi Pajero Exceed 2.8D  ,1800000,1993,200000,1,Diesel,0,1,SUV,Blue,2800,0,1,1,1,0,0,0,0,0,1,0,1,1,1,1,0,0,0,1,0,1
Mitsubishi Pajero Exceed 2.8D  ,1750000,1995,135000,1,Diesel,0,1,SUV,Silver,2800,0,1,1,1,0,0,0,0,0,1,0,1,1,1,1,0,0,0,1,0,1
Mitsubishi Pajero Exceed 2.8D  ,1600000,1992,100000,1,Diesel,0,1,SUV,White,2500,0,1,1,1,0,0,0,0,0,1,0,1,1,1,1,0,0,0,1,0,1
Mitsubishi Pajero Exceed 2.8D  ,1600000,1994,189000,1,Diesel,0,1,SUV,White,2800,1,1,1,1,0,0,0,0,0,1,0,1,1,1,1,0,0,0,1,0,1
Mitsubishi Pajero Exceed 2.8D  ,1550000,1996,100000,1,Diesel,0,1,SUV,White,2800,0,1,1,1,0,0,0,0,0,1,0,1,1,1,1,0,0,0,1,0,1
Mitsubishi Pajero Exceed 2.8D  ,1550000,1997,150000,1,Diesel,0,1,SUV,Green,2800,0,1,1,1,0,0,0,0,0,1,0,1,1,1,1,0,0,0,1,0,1
Mitsubishi Pajero Exceed 2.8D  ,1495000,1997,100000,1,Diesel,0,1,SUV,White,2800,0,1,1,1,0,0,0,0,0,1,0,1,1,1,1,0,0,0,1,0,1
Mitsubishi Pajero Exceed 2.8D  ,1450000,1993,149750,1,Diesel,0,1,SUV,White,2800,0,1,1,1,0,0,0,0,0,1,0,1,1,1,1,0,0,0,1,0,1
Mitsubishi Pajero Exceed 2.8D  ,1400000,1993,112000,1,Diesel,0,1,SUV,Silver,2800,1,1,1,1,0,0,0,0,0,0,0,1,1,1,1,0,0,0,1,0,1
Mitsubishi Pajero Exceed 2.8D  ,1375000,1996,150000,1,Diesel,1,1,SUV,Silver,2800,1,0,1,1,0,0,0,0,0,1,0,1,1,1,1,0,0,0,1,0,0
Mitsubishi Pajero Exceed 2.8D  ,1360000,1994,120000,1,Diesel,0,1,SUV,White,2800,0,0,1,1,0,0,0,0,0,1,0,1,1,1,1,0,0,0,1,0,1
Mitsubishi Pajero Exceed 2.8D  ,1350000,1993,150000,1,Diesel,0,1,SUV,Black,2800,0,1,1,1,0,0,0,0,0,1,0,1,1,1,1,0,0,0,1,0,1
Mitsubishi Pajero Exceed 2.8D  ,1350000,1993,123456,1,Petrol,0,1,SUV,Silver,2800,0,1,1,1,0,0,0,0,0,1,0,1,1,1,1,0,0,0,1,0,1
Mitsubishi Pajero Exceed 2.8D  ,1350000,1992,123456,1,Diesel,0,1,SUV,Green,2500,1,1,1,1,0,0,1,0,0,1,0,1,1,1,1,0,0,0,1,0,1
Mitsubishi Pajero Exceed 2.8D  ,1350000,1994,124882,1,Diesel,1,1,SUV,Silver,2800,0,1,1,1,0,0,0,0,0,1,0,1,1,1,1,0,0,0,1,0,1
Mitsubishi Pajero Exceed 2.8D  ,1300000,1991,120000,1,Diesel,1,1,SUV,Assembly,2400,0,1,1,1,0,0,0,0,0,1,0,1,1,1,1,0,0,0,1,0,1
Mitsubishi Pajero Exceed 2.8D  ,990000,1991,211000,1,Diesel,0,1,SUV,Blue,2800,0,1,1,1,0,0,0,0,0,1,0,1,1,1,1,0,0,0,1,0,1
Mitsubishi Pajero Exceed 3.5  ,3450000,1996,87000,1,Petrol,1,1,SUV,Silver,3500,1,1,1,1,1,0,0,0,1,1,0,1,1,1,1,1,1,0,1,0,1
Mitsubishi Pajero Exceed 3.5  ,2650000,1994,157000,1,Petrol,1,1,SUV,White,3500,0,1,1,1,0,0,0,0,0,1,0,1,1,1,1,0,0,0,1,0,1
Mitsubishi Pajero Exceed 3.5  ,2250000,1998,188000,1,Petrol,1,1,SUV,Blue,3500,0,1,1,1,0,0,0,0,0,1,0,1,1,1,1,0,0,0,1,0,1
Mitsubishi Pajero Exceed 3.5  ,2150000,1993,285000,1,Petrol,1,1,SUV,Silver,3500,0,1,1,1,0,0,0,0,0,1,0,1,1,1,1,0,0,0,1,0,1
Mitsubishi Pajero Exceed 3.5  ,2100000,1996,150000,1,Petrol,1,1,SUV,Green,3500,0,1,1,1,0,0,0,0,0,1,0,1,1,1,1,0,0,0,1,0,1
Mitsubishi Pajero Exceed 3.5  ,2050000,1992,150000,1,Petrol,1,1,SUV,Silver,3500,1,1,1,1,0,0,0,0,0,1,0,1,1,1,1,0,0,0,1,0,1
Mitsubishi Pajero Exceed 3.5  ,2000000,1995,235000,1,Petrol,1,1,SUV,Silver,3500,0,0,1,1,0,0,0,0,0,0,0,1,1,1,1,0,0,0,1,0,1
Mitsubishi Pajero Exceed 3.5  ,2000000,1997,96000,1,Petrol,1,1,SUV,Blue,3500,1,1,1,1,0,0,0,0,0,1,1,1,1,1,1,0,0,0,1,0,1
Mitsubishi Pajero Exceed 3.5  ,1880000,1998,193022,1,Petrol,1,1,SUV,Silver,3500,1,1,1,1,1,0,0,0,0,1,1,1,1,1,1,0,0,0,2,1,0
Mitsubishi Pajero Exceed 3.5  ,1700000,1991,107821,1,Petrol,1,1,SUV,Silver,3500,0,1,1,1,0,0,0,0,0,1,0,1,1,1,1,0,0,0,1,0,1
Mitsubishi Pajero Exceed 3.5  ,1650000,1992,180000,1,Petrol,1,1,SUV,Maroon,3400,0,1,1,1,0,0,0,0,0,1,0,1,1,1,1,0,0,0,1,0,1
Mitsubishi Pajero Exceed 3.5  ,1620000,1992,150000,1,Petrol,1,1,SUV,Blue,3500,1,1,1,1,0,0,0,0,0,1,0,1,1,1,1,0,0,0,1,0,1
Mitsubishi Pajero Exceed 3.5  ,1600000,1994,200000,1,Petrol,1,1,SUV,Blue,3500,0,1,1,1,0,0,0,0,0,1,0,1,1,1,1,0,0,0,1,0,1
Mitsubishi Pajero Exceed 3.5  ,1600000,1997,123450,1,Petrol,1,1,SUV,Grey,3500,0,1,1,1,0,0,0,0,0,1,0,1,1,1,1,0,0,0,1,0,1
Mitsubishi Pajero Exceed 3.5  ,1600000,1997,194520,1,Petrol,1,1,SUV,Unlisted,3400,1,1,1,1,1,0,0,0,0,1,0,1,1,1,1,1,0,0,2,0,1
Mitsubishi Pajero Exceed 3.5  ,1550000,1993,225000,1,Petrol,1,1,SUV,Navy,3500,0,1,1,1,1,0,0,0,0,1,0,1,1,1,1,1,0,0,2,0,1
Mitsubishi Pajero Exceed 3.5  ,1300000,1992,300000,1,Petrol,1,1,SUV,Silver,3500,0,1,1,1,0,0,0,0,0,1,0,1,1,1,1,0,0,0,1,0,1
Mitsubishi Pajero Exceed 3.5  ,1280000,1995,155555,1,Petrol,1,1,SUV,White,3500,0,1,1,1,0,0,0,0,0,1,0,1,1,1,1,0,0,0,1,0,1
Mitsubishi Pajero Exceed 3.5  ,1200000,1991,150000,1,Diesel,0,1,SUV,Grey,3000,0,0,1,1,0,1,0,0,0,0,0,1,1,1,1,0,0,0,1,0,1
Mitsubishi Pajero Exceed 3.5  ,1150000,1994,111111,1,Petrol,1,1,SUV,Blue,3000,0,1,1,1,0,0,0,0,0,1,0,1,1,1,1,0,0,0,1,0,1
Mitsubishi Pajero Exceed Automatic 2.8D  ,2350000,1997,150000,1,Diesel,1,1,SUV,Silver,2800,1,0,1,1,0,1,0,0,0,0,0,1,1,1,1,0,0,0,1,0,1
Mitsubishi Pajero Exceed Automatic 2.8D  ,1900000,1994,167000,1,Diesel,1,1,SUV,Assembly,2800,0,1,1,1,0,0,0,0,0,1,0,1,1,1,1,0,0,0,1,0,1
Mitsubishi Pajero Exceed Automatic 2.8D  ,1750000,1995,100000,1,Diesel,1,1,SUV,Silver,2800,0,1,1,1,0,0,0,0,0,1,0,1,1,1,1,0,0,0,1,0,1
Mitsubishi Pajero Exceed Automatic 2.8D  ,1745000,1993,173500,1,Diesel,1,1,SUV,White,2800,0,1,1,1,0,0,0,0,0,1,0,1,1,1,1,0,0,0,1,0,1
Mitsubishi Pajero Exceed Automatic 2.8D  ,1725000,1994,200000,1,Diesel,1,1,SUV,Silver,2800,0,1,1,1,0,0,0,0,0,1,0,1,1,1,1,0,0,0,1,0,1
Mitsubishi Pajero Exceed Automatic 2.8D  ,1700000,1995,105600,1,Diesel,1,1,SUV,White,2800,0,1,1,1,0,0,0,0,0,1,0,1,1,1,1,0,0,0,1,0,1
Mitsubishi Pajero Exceed Automatic 2.8D  ,1625000,1992,105050,1,Petrol,1,1,SUV,Silver,3000,0,1,1,1,0,0,0,0,0,1,0,1,1,1,1,0,0,0,1,0,1
Mitsubishi Pajero Exceed Automatic 2.8D  ,1590000,1992,160000,1,Petrol,1,1,SUV,White,2800,0,1,1,1,0,0,0,0,0,1,0,1,1,1,1,0,0,0,1,0,1
Mitsubishi Pajero Exceed Automatic 2.8D  ,1590000,1992,160000,1,Petrol,1,1,SUV,White,2800,0,1,1,1,0,0,0,0,0,1,0,1,1,1,1,0,0,0,1,0,1
Mitsubishi Pajero Exceed Automatic 2.8D  ,1580000,1993,180000,1,Diesel,1,1,SUV,White,2800,0,1,1,1,0,0,0,0,0,1,0,1,1,1,1,0,0,0,1,0,1
Mitsubishi Pajero Exceed Automatic 2.8D  ,1550000,1993,120000,1,Diesel,1,1,SUV,Silver,2800,0,1,1,1,0,0,0,0,0,0,0,1,1,1,1,0,0,0,1,0,1
Mitsubishi Pajero Exceed Automatic 2.8D  ,1530000,1993,158000,1,Diesel,1,1,SUV,White,2800,0,1,1,1,0,0,0,0,0,1,0,1,1,1,1,0,0,0,1,0,1
Mitsubishi Pajero Exceed Automatic 2.8D  ,1500000,1996,150000,1,Petrol,1,1,SUV,White,3400,0,1,1,1,0,1,1,0,0,1,1,1,1,1,1,0,0,0,1,0,1
Mitsubishi Pajero Exceed Automatic 2.8D  ,1450000,1994,120000,1,Diesel,1,1,SUV,Silver,2800,0,1,1,1,0,0,0,0,0,1,0,1,1,1,1,0,0,0,1,0,1
Mitsubishi Pajero Exceed Automatic 2.8D  ,1450000,1993,150000,1,Diesel,1,1,SUV,Silver,2800,0,1,1,1,0,0,0,0,0,1,0,1,1,1,1,0,0,0,1,0,1
Mitsubishi Pajero Exceed Automatic 2.8D  ,1300000,1991,205000,1,Diesel,1,1,SUV,Assembly,2800,0,1,1,1,0,0,0,0,0,1,0,1,1,1,1,0,0,0,1,0,1
Mitsubishi Pajero Exceed Automatic 2.8D  ,1250000,1993,300000,1,Diesel,1,1,SUV,Blue,2800,0,1,1,1,0,0,0,0,0,1,0,1,1,1,1,0,0,0,1,0,1
Mitsubishi Pajero GLS 2.8D  ,3000000,2004,160000,1,Diesel,1,1,SUV,White,2800,1,1,1,1,0,0,0,0,0,1,0,1,1,1,1,0,0,0,1,0,1
Mitsubishi Pajero GLS 2.8D  ,2900000,2005,200000,1,Diesel,1,1,SUV,Black,2800,1,1,1,1,0,0,0,0,0,1,0,1,1,1,1,0,0,0,1,0,1
Mitsubishi Pajero GLS 2.8D  ,2300000,2001,180000,1,Diesel,1,1,SUV,White,2800,1,1,1,1,0,0,0,0,0,1,0,1,1,1,1,0,0,0,1,0,1
Mitsubishi Pajero GLS 3.5  ,3400000,2003,181798,1,Petrol,1,1,SUV,Silver,3500,1,1,1,1,0,0,0,0,0,1,0,1,1,1,1,0,0,0,1,0,1
Mitsubishi Pajero GLS 3.5  ,2500000,2000,146000,1,Petrol,1,1,SUV,Silver,3500,1,1,1,1,0,0,0,0,0,1,0,1,1,1,1,0,0,0,1,0,1
Mitsubishi Pajero GLS 3.5  ,2500000,2001,152000,1,Petrol,1,1,SUV,Blue,3500,1,1,1,1,0,0,0,0,0,1,0,1,1,1,1,0,0,0,1,0,1
Mitsubishi Pajero GLX 2.8D  ,3000000,2005,150000,1,Diesel,1,1,SUV,Black,2800,1,1,1,1,0,0,0,0,0,1,0,1,1,1,1,0,1,0,1,0,1
Mitsubishi Pajero GLX 3.2D  ,2500000,2002,180000,1,Diesel,1,1,SUV,White,3200,1,1,1,1,0,0,0,0,0,1,0,1,1,1,1,0,0,0,1,0,1
Mitsubishi Pajero GLX 3.5  ,4500000,2001,87220,1,Petrol,1,1,SUV,Black,3500,1,1,1,1,0,0,1,0,0,1,1,1,1,1,1,0,0,0,1,0,1
Mitsubishi Pajero GLX 3.5  ,2775000,1999,130000,1,Petrol,1,1,SUV,White,3500,1,1,1,1,0,0,1,0,0,1,1,1,1,1,1,0,0,0,1,0,0
Mitsubishi Pajero Mini  ,1600000,2011,65000,1,Petrol,1,1,,Silver,660,0,1,1,1,0,1,0,0,0,0,0,1,1,1,1,0,0,0,1,0,0
Mitsubishi Pajero Mini  ,1500000,2010,89000,1,Petrol,1,1,,Maroon,660,,0,0,0,0,0,0,0,0,0,0,0,0,0,0,0,0,0,0,0,0
Mitsubishi Pajero Mini  ,1425000,2013,70000,1,Petrol,1,1,,White,660,,0,0,0,0,0,0,0,0,0,0,0,0,0,0,0,0,0,0,0,0
Mitsubishi Pajero Mini  ,1325000,2012,79000,1,Petrol,1,1,,Black,660,1,1,1,1,0,0,0,0,0,0,0,1,1,1,1,0,0,0,1,0,0
Mitsubishi Pajero Mini  ,1320000,2000,80000,1,Petrol,0,1,,Grey,1100,0,0,1,1,0,0,0,0,0,0,0,1,0,1,1,0,0,0,1,0,0
Mitsubishi Pajero Mini  ,1300000,2011,36000,1,Petrol,1,1,,Assembly,660,,0,0,0,0,0,0,0,0,0,0,0,0,0,0,0,0,0,0,0,0
Mitsubishi Pajero Mini  ,1300000,2012,84000,1,Petrol,1,1,,White,660,1,1,1,0,0,0,0,0,0,1,0,1,1,1,1,0,0,0,1,0,0
Mitsubishi Pajero Mini  ,1275000,2012,99000,1,Petrol,1,1,,Silver,660,1,1,1,1,0,0,0,0,0,1,0,1,1,1,1,0,0,0,1,0,0
Mitsubishi Pajero Mini  ,1250000,2008,90000,1,Petrol,1,1,,Black,660,1,1,1,1,0,0,0,0,0,0,0,0,1,1,1,0,0,0,1,0,0
Mitsubishi Pajero Mini  ,1200000,2010,142000,1,Petrol,1,1,,Silver,660,0,1,1,1,0,0,0,0,0,0,0,1,1,1,1,0,0,0,1,0,0
Mitsubishi Pajero Mini  ,1100000,2011,60000,1,Petrol,1,1,,Silver,660,1,1,1,1,0,0,0,0,0,1,1,1,1,1,1,0,0,0,1,0,0
Mitsubishi Pajero Mini  ,970000,2007,150000,1,Petrol,1,1,,Black,1100,1,1,1,1,0,0,0,0,0,1,1,1,1,1,1,0,0,0,1,0,0
Mitsubishi Pajero Mini  ,950000,2000,137000,1,Petrol,0,1,,Yellow,1100,0,0,0,1,0,0,0,0,0,1,0,0,0,1,1,0,0,0,0,0,0
Mitsubishi Pajero Mini  ,900000,1997,130000,1,Petrol,0,1,,Grey,1100,1,1,1,1,0,0,0,0,0,0,0,1,1,1,1,0,0,0,1,0,0
Mitsubishi Pajero Mini  ,860000,2004,80000,1,Petrol,0,1,,Silver,1100,1,1,1,1,0,0,0,0,0,1,0,1,0,1,1,0,0,0,1,0,0
Mitsubishi Pajero Mini  ,850000,1995,120000,1,Petrol,0,1,,Green,1000,1,0,0,1,0,0,0,0,0,0,0,0,1,1,1,0,0,1,0,0,0
Mitsubishi Pajero Mini  ,850000,2007,100000,1,Petrol,1,1,,Silver,1000,0,1,1,1,0,0,1,0,0,0,0,1,1,1,1,0,0,0,1,0,0
Mitsubishi Pajero Mini  ,850000,1997,120000,1,Petrol,0,1,,Green,1000,1,0,1,1,0,0,0,0,1,0,0,1,1,1,1,0,0,0,2,1,0
Mitsubishi Pajero Mini  ,830000,2001,100000,1,Petrol,1,1,,Unlisted,660,1,1,1,1,0,0,0,0,0,0,1,1,1,1,1,0,0,0,1,0,0
Mitsubishi Pajero Mini  ,830000,1999,50000,1,Petrol,0,1,,Blue,1100,,0,0,0,0,0,0,0,0,0,0,0,0,0,0,0,0,0,0,0,0
Mitsubishi Pajero Mini  ,825000,1999,84200,1,Petrol,0,1,,White,660,1,0,1,1,0,1,0,0,0,0,0,1,1,1,1,0,0,0,1,0,0
Mitsubishi Pajero Mini  ,820000,1998,250000,1,Petrol,0,1,,White,660,0,0,1,1,0,0,0,0,0,0,0,1,0,1,1,0,0,0,1,0,0
Mitsubishi Pajero Mini  ,800000,1995,205199,1,Petrol,0,1,,Green,660,1,0,1,1,0,0,0,0,0,1,0,1,0,1,1,0,0,0,1,0,0
Mitsubishi Pajero Mini  ,800000,1996,180000,1,Petrol,0,1,,Green,660,1,0,1,1,0,0,0,0,0,1,0,1,1,1,1,0,0,0,2,0,0
Mitsubishi Pajero Mini  ,790000,1999,99000,1,,0,1,,Blue,1100,,0,0,0,0,0,0,0,0,0,0,0,0,0,0,0,0,0,0,0,0
Mitsubishi Pajero Mini  ,790000,1996,150005,1,Petrol,1,1,,Maroon,1100,1,1,1,1,0,0,0,0,0,1,0,1,1,1,1,0,0,0,1,0,0
Mitsubishi Pajero Mini  ,790000,2003,195000,1,Petrol,0,1,,Silver,660,0,1,1,1,0,0,0,0,0,1,0,1,0,1,1,0,0,0,1,0,0
Mitsubishi Pajero Mini  ,750000,1995,100000,1,Petrol,0,1,,Red,660,1,0,1,1,0,0,0,0,0,0,0,0,0,1,1,0,0,0,1,0,0
Mitsubishi Pajero Mini  ,745000,2006,200000,1,Petrol,1,1,,Green,660,,0,0,0,0,0,0,0,0,0,0,0,0,0,0,0,0,0,0,0,0
Mitsubishi Pajero Mini  ,725000,1995,86725,1,Petrol,1,1,,Green,660,1,1,1,1,0,1,0,0,0,0,0,1,1,1,1,0,0,0,1,0,0
Mitsubishi Pajero Mini  ,680000,1996,100000,1,Petrol,0,1,,Black,1100,1,1,1,1,0,0,0,0,0,1,0,1,1,1,1,0,0,0,1,0,0
Mitsubishi Pajero Mini  ,675000,1995,195000,1,Petrol,0,1,,Blue,660,1,1,1,0,0,0,0,0,0,1,0,1,0,1,1,0,0,0,1,0,0
Mitsubishi Pajero Mini  ,660000,1995,90000,1,Petrol,0,1,,Black,660,0,1,1,1,0,0,0,0,0,1,0,1,0,1,1,0,0,0,1,0,0
Mitsubishi Pajero Mini  ,650000,1997,180000,1,Petrol,1,1,,White,660,0,0,0,0,0,0,0,0,0,0,0,1,1,1,1,0,0,0,0,0,0
Mitsubishi Pajero Mini  ,650000,1995,123456,1,Petrol,1,1,,Green,1100,0,0,1,1,0,0,0,0,0,1,1,1,1,1,1,0,0,0,1,0,0
Mitsubishi Pajero Mini  ,650000,1995,112879,1,Petrol,0,1,,Blue,660,,0,0,0,0,0,0,0,0,0,0,0,0,0,0,0,0,0,0,0,0
Mitsubishi Pajero Mini  ,650000,1995,110000,1,Petrol,0,1,,Blue,1100,0,0,1,1,0,0,0,0,0,0,0,0,0,1,1,0,0,0,1,0,0
Mitsubishi Pajero Mini  ,635000,1995,165820,1,Petrol,0,1,,Red,1100,0,1,1,1,0,0,0,0,0,0,0,0,0,1,1,0,0,0,1,0,0
Mitsubishi Pajero Mini  ,625000,1996,100000,1,Petrol,0,1,,Blue,1100,0,0,1,0,0,0,0,0,0,0,0,1,1,1,1,0,0,0,1,0,0
Mitsubishi Pajero Mini  ,580000,1995,99999,1,Petrol,0,0,,Blue,1100,,0,0,0,0,0,0,0,0,0,0,0,0,0,0,0,0,0,0,0,0
Mitsubishi Pajero Mini  ,560000,1994,115000,1,Petrol,0,1,,Grey,1000,0,0,1,0,0,0,0,0,0,0,0,0,0,0,1,0,0,0,1,0,0
Mitsubishi Pajero Mini  ,550000,1995,160000,1,Petrol,0,1,,Green,660,0,0,1,1,0,0,0,0,0,0,0,1,0,1,1,0,0,0,2,0,0
Mitsubishi Pajero Mini Limited  ,1625000,2011,69000,1,Petrol,1,1,SUV,Silver,660,1,1,1,1,0,0,0,0,0,1,0,1,1,1,1,0,0,0,1,0,0
Mitsubishi Pajero Mini Limited  ,1400000,2011,121000,1,Petrol,1,1,SUV,Black,660,1,1,1,1,0,0,0,0,0,1,1,1,1,1,1,0,0,0,1,0,0
Mitsubishi Pajero Mini Limited  ,1270000,2011,74000,1,Petrol,1,1,SUV,Silver,660,0,1,1,1,0,0,0,0,0,1,0,1,1,1,1,0,0,0,1,0,0
Mitsubishi Pajero Mini Limited  ,1150000,2011,36000,1,Petrol,1,1,SUV,Silver,660,1,1,1,1,0,0,0,0,0,1,0,1,1,1,1,0,0,0,1,0,0
Mitsubishi Pajero Mini Limited  ,850000,1997,165200,1,Petrol,0,0,SUV,Red,1100,1,1,1,1,0,0,0,0,0,1,0,1,1,1,1,0,0,0,1,0,0
Mitsubishi Pajero Mini Limited  ,760000,1995,231000,1,Petrol,0,1,SUV,Red,660,1,1,1,1,0,0,0,0,0,1,0,1,0,1,1,0,0,0,1,0,0
Mitsubishi Pajero Mini Limited  ,750000,1996,80000,1,Petrol,1,1,SUV,Green,660,1,1,1,1,0,0,0,0,0,1,0,1,1,1,1,0,0,0,1,0,0
Mitsubishi Pajero Mini Limited  ,690000,1997,96000,1,Petrol,1,1,SUV,Blue,660,1,1,1,1,0,0,0,0,0,1,0,1,1,1,1,0,0,0,1,0,0
Mitsubishi Pajero Mini Limited  ,650000,1995,108000,1,Petrol,0,1,SUV,Green,1100,1,1,1,1,0,0,0,0,0,1,0,1,1,1,1,0,0,0,1,0,0
Mitsubishi Pajero Mini Limited  ,650000,1997,200000,1,Petrol,0,1,SUV,Grey,1100,1,1,1,1,0,0,0,0,0,1,0,1,1,1,1,0,0,0,1,0,0
Mitsubishi Pajero Mini Limited  ,650000,1997,95000,1,Petrol,0,1,SUV,Green,1100,1,1,1,1,0,0,0,0,0,1,0,1,0,1,1,0,0,0,1,0,0
Mitsubishi Pajero Mini Limited  ,645000,1995,123456,1,Petrol,1,1,SUV,Green,660,,0,0,0,0,0,0,0,0,0,0,0,0,0,0,0,0,0,0,0,0
Mitsubishi Pajero Mini Limited  ,570000,1995,201600,1,Petrol,1,1,SUV,Green,660,1,1,1,1,0,0,0,0,0,1,1,1,1,1,1,0,0,0,1,0,0
Mitsubishi Pajero Mini VR  ,1250000,2011,65000,1,Petrol,1,1,SUV,Silver,660,1,1,1,1,0,0,0,0,0,1,1,1,1,1,1,0,0,0,1,0,0
Mitsubishi Pajero Mini VR  ,980000,2008,50000,1,Petrol,1,1,SUV,Burgundy,660,1,1,1,1,0,0,0,0,0,1,0,1,1,1,1,0,0,0,1,0,0
Mitsubishi Pajero Mini VR  ,770000,1995,200000,1,Petrol,1,1,SUV,Maroon,660,1,1,1,1,0,0,0,0,0,1,0,1,1,1,1,0,0,0,1,0,0
Mitsubishi Pajero Mini VR  ,700000,1996,456789,1,Petrol,1,1,SUV,Blue,1100,1,1,1,1,0,0,0,0,0,1,0,1,0,1,1,0,0,0,1,0,0
Mitsubishi Pajero Mini VR  ,630000,2011,100000,1,Petrol,0,1,SUV,Green,1100,1,1,1,1,0,0,0,0,0,1,0,1,1,1,1,0,0,0,1,0,0
Mitsubishi Pajero Mini VR  ,599000,1995,125000,1,Petrol,0,1,SUV,Blue,1100,1,1,1,1,0,0,0,0,0,1,0,1,1,1,1,0,0,0,1,0,0
Mitsubishi Pajero Mini VR  ,590000,1995,150000,1,Petrol,1,1,SUV,Blue,660,1,1,1,1,0,0,0,0,0,1,0,1,1,1,1,0,0,0,1,0,0
Mitsubishi Pajero Mini VR  ,575000,1996,89000,1,Petrol,1,1,SUV,Blue,660,1,1,1,1,0,0,0,0,0,1,0,1,1,1,1,0,0,0,1,0,0
Mitsubishi Pajero Mini XR  ,870000,1997,126635,1,Petrol,1,1,SUV,Silver,1100,1,1,1,0,0,0,0,0,0,1,0,1,1,1,1,0,0,0,1,0,0
Mitsubishi Pajero Mini XR  ,850000,1998,171000,1,Petrol,1,1,SUV,Green,660,1,1,1,1,0,0,0,0,0,0,0,1,0,1,1,0,0,0,1,0,0
Mitsubishi Pajero Mini XR  ,650000,1996,174000,1,Petrol,1,1,SUV,Blue,1100,1,1,1,0,0,0,0,0,0,1,0,1,1,1,1,0,0,0,1,0,0
Mitsubishi Pajero Mini XR  ,625000,1997,150000,1,Petrol,0,1,SUV,Grey,660,0,1,1,1,0,0,0,0,0,0,0,1,0,1,1,0,0,0,1,0,0
Mitsubishi Pajero Mini ZR  ,1150000,2009,80000,1,Petrol,0,1,SUV,Blue,660,1,1,1,1,0,0,0,0,0,1,0,1,1,1,1,0,0,0,1,0,0
Mitsubishi Pajero Super Exceed 3.0  ,1300000,1990,145000,1,Petrol,1,1,SUV,Beige,3400,0,0,0,0,0,0,0,0,0,0,0,1,1,1,1,0,0,0,0,0,0
Mitsubishi Pajero Super Exceed 3.0  ,1050000,1990,150000,1,Petrol,1,1,SUV,Brown,3000,0,0,0,0,0,0,0,0,0,0,0,1,1,1,1,0,0,0,0,0,0
Mitsubishi Pajero Super Exceed 3.0  ,900000,1990,180000,1,Petrol,0,1,SUV,White,2700,0,0,0,0,0,0,0,0,0,0,0,1,1,1,1,0,0,0,0,0,0
Mitsubishi Rvr  ,3100000,2013,59000,1,Petrol,1,1,,Silver,1800,1,1,1,0,0,0,0,0,0,1,0,1,1,1,1,0,0,0,1,0,0
Mitsubishi Rvr  ,3000000,2011,38000,1,Petrol,1,1,,White,1800,1,1,1,1,0,0,0,0,0,1,0,1,1,1,1,0,0,0,1,0,0
Mitsubishi Rvr  ,3000000,2011,38000,1,Petrol,1,1,,White,1800,,0,0,0,0,0,0,0,0,0,0,0,0,0,0,0,0,0,0,0,0
Mitsubishi Rvr  ,2850000,2011,36000,1,Petrol,1,1,,Grey,1800,1,1,1,1,1,0,1,0,1,1,0,1,1,1,1,0,1,0,2,1,0
Mitsubishi Rvr  ,2800000,2012,57000,1,Petrol,1,1,,Beige,1800,1,1,1,1,0,0,0,0,0,0,1,1,1,1,1,0,0,0,1,0,0
Mitsubishi Rvr  ,2675000,2013,65000,1,Petrol,1,1,,Silver,1800,1,1,1,1,0,1,1,0,0,1,1,1,1,1,1,0,0,0,1,0,0
Mitsubishi Rvr  ,2150000,2013,110000,1,Petrol,1,1,,Black,1800,1,1,1,1,0,0,0,0,0,0,1,1,1,1,1,0,0,0,1,0,0
Mitsubishi Shogun  ,3000000,2008,150000,1,Diesel,0,1,,Silver,2500,,0,0,0,0,0,0,0,0,0,0,0,0,0,0,0,0,0,0,0,0
Mitsubishi Shogun  ,2500000,2002,123000,1,Diesel,1,1,,Black,3200,1,1,1,1,0,1,1,0,0,0,0,1,0,1,1,0,0,0,1,0,1
Mitsubishi Shogun  ,695000,1998,150000,1,Diesel,0,1,,Grey,2400,0,0,1,0,0,0,0,0,0,0,1,0,0,1,1,0,0,0,1,0,0
Mitsubishi Shogun  ,400000,2005,135000,1,Petrol,0,0,,White,800,,0,0,0,0,0,0,0,0,0,0,0,0,0,0,0,0,0,0,0,0
Mitsubishi Toppo  ,1190000,2011,99500,1,Petrol,1,1,,Maroon,660,0,1,1,0,0,0,0,0,0,1,0,1,1,1,1,0,1,0,2,0,0
Mitsubishi Toppo  ,1175000,2019,82000,1,Petrol,1,1,,Black,660,1,1,1,0,0,0,0,0,0,1,0,1,1,1,1,0,0,0,1,0,0
Mitsubishi Toppo  ,1150000,2012,82000,1,Petrol,1,1,,Black,660,,0,0,0,0,0,0,0,0,0,0,0,0,0,0,0,0,0,0,0,0
Mitsubishi Toppo  ,800000,2011,90000,1,Petrol,1,0,,Maroon,660,0,1,0,1,0,0,0,0,0,0,0,0,0,1,1,0,0,0,0,0,0
Mitsubishi Toppo  ,800000,2009,44000,1,Petrol,1,1,Micro Van,Grey,660,,0,0,0,0,0,0,0,0,0,0,0,0,0,0,0,0,0,0,0,0
Mitsubishi Town Box  ,1625000,2016,40000,1,Petrol,1,1,,Silver,660,,0,0,0,0,0,0,0,0,0,0,0,0,0,0,0,0,0,0,0,0
Mitsubishi Town Box  ,1150000,2013,70000,1,Petrol,1,1,,Silver,660,1,1,1,0,0,0,0,0,0,0,0,1,0,1,0,0,0,0,1,0,0
Mitsubishi Town Box  ,1055000,2011,160000,1,Petrol,1,1,,Grey,660,1,1,1,1,0,0,0,0,0,0,0,1,0,1,1,0,0,0,1,0,0
